latitude,longitude,feasible,depth_m
21.63648977964501,77.20453301366913,0,181.901520468405
21.640666045368466,79.93518016840804,0,250.0
19.80293730521887,75.60817546849702,0,226.938206319039
23.65712344565078,74.59025886217228,0,250.0
19.957594747639817,73.37249035769187,0,250.0
20.262616287931284,77.75176112663567,0,245.91172762654938
23.920972155749368,77.99907311082455,0,250.0
22.28451040315261,76.4023182824253,1,153.48663858691577
22.247715678653602,72.76623504664681,0,250.0
19.226092532022108,72.1215230640959,0,250.0
22.24227792204161,79.45195607621707,0,250.0
19.720290534567813,77.20379916339377,0,241.05611833878243
21.65415023116293,79.65445790653631,0,250.0
19.064575145462356,75.80599402196779,0,250.0
21.51902788608016,78.87467454868325,0,250.0
21.395002010691073,77.54793814106772,0,191.5225396280709
21.98039535918841,79.12901821124325,0,250.0
19.101904781649985,73.4932668481751,0,250.0
22.41582613855055,76.29033289492017,1,139.90881581247558
23.878396695842603,75.09193554093534,0,250.0
20.104565936432074,73.67382023894054,0,250.0
20.429102595330512,76.15230944169107,1,163.4805804127948
23.295070643515736,74.80357554279547,0,250.0
22.93481699460964,76.38504611120969,0,185.6203250332571
21.7747029928449,72.54583443109314,0,250.0
22.772634032656246,78.41101660933943,0,250.0
21.791230654573642,75.93968632430636,1,122.93953703030884
21.83190378418982,76.00895270871138,1,92.98070146754854
22.400023019509838,76.28780424199476,0,158.5169861821141
22.51113371663085,78.93459963392498,0,250.0
22.282823957191003,79.21630760188677,0,250.0
20.776606313389333,74.60191255890712,0,201.16786342875028
23.325220628105384,74.17628416112737,0,250.0
20.858295702601076,73.63263484029446,0,250.0
22.598932251294077,73.77584007451155,0,250.0
22.867463988524666,73.48631625655301,0,250.0
19.985279872361794,78.32092405378121,0,250.0
19.958899863028748,79.30219684003059,0,250.0
19.48663579117857,76.15605141530123,0,238.03346910168864
20.7299470523657,72.35476768874477,0,250.0
22.869081867294703,78.54692271613521,0,250.0
23.970403339386074,72.79201680875596,0,250.0
22.65375274927199,73.58697242445378,0,250.0
20.519631284713967,77.41182640804031,0,227.44711628273987
20.13897540919185,72.78146087986033,0,250.0
22.85058140822218,77.64574147034403,0,244.10127434827552
23.542676911584138,77.89806310987618,0,250.0
22.034531680384116,78.50288929099614,0,250.0
23.034778458471727,76.88527261931584,0,215.86720555250184
20.30041695362478,73.28286601615176,0,250.0
20.014539459839245,73.26773161134057,1,250.0
21.065177117681884,72.94969760453941,0,250.0
20.291089915593474,77.22619193344752,0,223.20879733801274
21.066161655728898,78.06998789842227,0,250.0
22.660933827979672,74.11463347216508,0,249.1319467363268
19.45761219585934,79.31090701987176,0,250.0
21.60600425474395,79.14194087585155,0,250.0
19.685687315087847,72.07340664862585,0,250.0
19.772428729905855,77.5764385791695,0,250.0
19.14107212893969,75.52558968737091,0,250.0
19.99659846816833,75.68098603275975,1,199.24590858545565
22.703632468610053,73.7341482219561,0,250.0
21.62649221380764,75.74525350681574,1,106.87491572530473
22.685772937155786,77.42267263069915,0,212.46730660769325
21.85398920614573,75.6260470436117,1,128.4302944916675
22.92005905129111,79.8375317608407,0,250.0
21.074860750539855,72.77055514453575,1,250.0
19.69803697361333,77.81325596923811,0,250.0
22.362013703677874,73.71779039889982,0,250.0
22.72365712751349,72.01829345316483,0,250.0
23.23037663130991,72.2337122563697,0,250.0
23.064100808011645,73.66928216376793,1,250.0
20.18259133511073,72.94489636253135,0,250.0
20.810734438478292,76.60722298656175,0,151.64558742132635
21.213324743916502,75.27993879295417,1,133.57252452837142
22.093819850745035,72.12655975193265,0,250.0
23.01364211361183,75.85789560264557,0,192.3750434167707
23.41402617366811,76.16861970562952,0,220.47935863342147
20.593545837214478,74.06371852597107,0,250.0
20.486870976626935,72.59676603656816,0,250.0
22.342572907266444,77.17198623605663,0,190.06519972367926
22.009345654081326,72.64772359678625,0,250.0
19.450569171448322,73.04166473725468,0,250.0
21.516712625997002,79.80766459182152,0,250.0
20.848966212115393,77.0176547485375,1,161.67652899398064
20.37795350565618,76.49987797030957,1,190.35967360018267
21.364656504043413,78.8451095794535,0,250.0
20.47360829716255,72.72660180323378,0,250.0
22.712682853544162,72.36014270106436,0,250.0
22.30388031797154,74.77283185563039,0,187.02816930039847
19.317551249861427,76.41101116827677,0,250.0
20.37382035100265,75.57155299496573,0,153.64080892012677
20.744047386313387,76.26006317371669,1,145.4327704517706
20.475604800239438,72.82428197564086,0,250.0
23.257490328027025,75.7040857534215,0,219.27899840419778
20.172340434328827,72.23727872248011,0,250.0
22.511046195316517,76.30535778130121,1,138.68105651046005
22.56797765496158,78.9474306542639,0,250.0
19.60350409556288,76.5673940707748,0,232.15870490864367
21.874375951255598,77.36562593024952,1,199.52739876223626
20.71353096174915,75.04259878884004,0,190.38346064385627
23.8727103137373,75.94674666618207,0,250.0
20.29927251883922,79.81432735101932,0,250.0
21.844921772469668,74.64708650902791,1,202.42319336353106
20.5550183770915,74.64777721179597,1,215.97647517966413
20.620465292239295,74.50437483995366,0,229.08367359470395
22.663285631373192,78.5351707483643,0,250.0
19.512064549833386,73.00409069508332,0,250.0
22.25237794419616,73.4806043151646,0,250.0
19.320619735350018,76.73629356564584,1,250.0
19.992421332805538,75.45408016852186,1,209.8193177407902
20.79873959922123,72.1682148481622,0,250.0
21.132637457616166,73.78086254146109,1,250.0
20.841023576859353,76.84280557698258,0,168.75727552600284
20.68623217470854,79.13510517317157,0,250.0
20.506458752998505,73.36885834722798,0,250.0
20.463206987910652,77.88414089379593,0,240.25863537375247
19.821643003760155,78.78236478425926,0,250.0
20.889179358808523,76.21657578881174,1,143.1669132046698
21.30395368104148,79.50261243507693,0,250.0
21.726653818290487,77.87411242911672,0,214.7322117792378
19.93181020190098,76.09896332650052,1,207.48121719203627
22.66972763625067,77.89961236409764,0,235.2648666834988
23.819286728339286,76.63785174525492,0,250.0
20.768461767647402,79.79205742182839,0,250.0
22.740054120939547,75.22818533128853,0,202.0220816047213
22.861879244975366,73.94274525284536,0,250.0
20.273627224610873,75.27200959464041,0,191.83218443669367
20.466803385704495,73.63862787313062,0,250.0
22.20438948867598,78.37926923887292,0,250.0
20.83491346143653,76.09406799398202,0,138.61547708337446
22.006003832548178,79.87532068624641,0,250.0
23.542410661067926,73.45358251056906,0,250.0
20.655071856248693,72.39923293781817,0,250.0
20.322355557045533,73.91679460215404,0,250.0
20.682178362669966,78.80660960808068,0,250.0
20.987773266989795,76.7933003268244,0,151.1505026135538
19.90236734862947,73.67811384906149,0,250.0
19.18208757311425,75.95210795815592,0,246.84692791741224
23.197314185760977,72.90729555786749,0,250.0
20.7602282861382,74.65558365504708,0,191.05893598445547
23.564992160414214,79.43456615339962,0,250.0
21.704922051346102,77.93593963115552,0,246.1671504522646
23.179207596950224,75.64404074997776,0,235.8174702228248
19.14208855055819,73.46179152079182,0,250.0
20.99878774289199,78.70055630005254,0,250.0
23.056773235354406,74.42971545790753,0,249.09109408938298
19.941765225038147,75.10577314159065,0,226.76189419082976
23.14338636384439,73.12581995478662,0,250.0
23.18201480268544,72.79376101162413,0,250.0
20.859182861195457,73.80920454846182,0,243.8008767605186
19.928487001431392,75.3838611173702,0,221.57747077698548
21.732883638550295,78.34193282219512,0,250.0
19.76082771140546,79.76577565054524,0,250.0
22.20288398007515,72.4869090143604,1,250.0
23.97023296671659,77.02620804940004,0,250.0
21.33464635479975,73.10554437300631,0,250.0
23.859341151436716,76.15549808988423,0,250.0
19.990239551016096,77.16674686060168,1,216.87977952714448
22.895185417293582,72.21463370123242,0,250.0
19.071976228561294,76.49734171282589,0,250.0
20.481595502769625,73.21107703696245,0,250.0
19.300954703847438,76.39636187795728,0,250.0
21.532050374387115,72.47989402933958,0,250.0
19.51269143454571,78.38734410865135,0,250.0
19.983494865477795,74.78776785092907,0,234.14566675799074
22.8266276609276,72.55282995656401,0,250.0
21.86606224448451,77.2616490326046,0,188.13354146840794
23.43167886874142,74.54043643295672,0,250.0
21.37358939059212,78.90255439918846,0,250.0
20.06827053630483,78.52611653823202,0,250.0
20.767740448550697,75.89866623357716,0,137.20665940139662
22.855850368059954,74.05468049080201,0,250.0
21.76671590307505,72.34777557143826,0,250.0
23.95515381597454,73.99554582635196,0,250.0
19.2304255106254,73.10343405011726,0,250.0
23.236117372703724,75.19146836145532,0,225.39983963034666
19.11361441546493,76.7886890927918,0,250.0
20.19640260604979,79.98437931801527,0,250.0
23.254662646886434,74.57372294604953,0,250.0
22.745778025032035,76.55688185272308,0,190.48049318899518
20.16701789981204,73.81570310058663,0,250.0
20.301975467732213,75.99739365770242,0,191.16678022409224
20.81360539806908,74.91213657430316,0,175.75598689770217
23.89041840655875,76.34918428015649,0,250.0
23.640876125749628,74.9010566769756,0,250.0
21.61986081190821,72.77526310506894,0,250.0
19.086411107398888,73.75239757976438,0,250.0
22.570942455314,78.05109979061426,0,250.0
19.236131377518817,75.53748348162408,0,250.0
23.242575957008466,72.51060056768596,0,250.0
23.899280126130233,73.95925780120609,0,250.0
19.784805774172703,73.36178947134884,0,250.0
21.79239184516433,78.75442434449016,0,250.0
20.679304899816604,75.94900524719952,1,152.33241498217558
20.85466254160078,78.15782316236712,0,250.0
23.479438256023514,76.41254115165651,0,234.29610547777912
23.106919080387026,73.46803605844187,0,250.0
23.211011807564326,79.36432412462898,0,250.0
19.73598221335978,75.23811941194904,0,224.7913968018443
23.641191926966084,74.49721413742446,0,250.0
23.090252419678365,74.0503557464203,0,250.0
19.795935152686326,76.35895292733905,0,213.11726835660926
23.177449477880657,79.33758499655121,0,250.0
20.954987597252586,75.13792639917284,0,153.35479267404503
21.16888791498166,78.8369977329549,0,250.0
19.687563859251853,73.44934484477301,0,250.0
19.530406666090666,79.02168879356374,0,250.0
23.337430698358958,72.1407700344794,0,250.0
19.01705502284827,73.34517956736086,0,250.0
19.633273538108075,78.2765443540992,0,250.0
19.339980458290274,72.66975637545592,0,250.0
21.192061636920453,78.22202410780345,0,250.0
19.418307371279116,77.86057510567588,0,250.0
23.11070965640664,77.21744159377283,0,244.6397809339049
19.352488221872274,76.6898364007609,0,250.0
19.958718090736866,76.64966994156164,0,211.64412922332588
21.395895121672623,76.46796773043576,0,132.23107614848328
19.34489184019463,74.26494785336253,0,250.0
20.43942866218115,74.32975358224783,0,244.4256380400999
21.331515694979696,72.39703008495079,0,250.0
23.71413337887084,72.54535952177218,0,250.0
23.49797338928883,72.64289600510472,0,250.0
21.26889649587897,76.30976746550446,1,116.0977688005361
20.091229602562116,75.96432402396427,1,203.02578777749403
23.148956153735877,75.92534072039147,0,216.6155282967505
23.348192165227946,72.47374646183809,0,250.0
20.36693485759009,75.95463090568416,0,173.3161855171277
23.352356304886353,73.77280180526245,0,250.0
20.72258221997696,72.33220876836694,0,250.0
20.415531158189296,75.94440804419175,0,168.7028437591896
23.45155493235553,72.3214699518945,0,250.0
23.321860179027123,76.82683561299369,0,241.5900342588757
19.049350473986213,76.1107477649458,0,250.0
23.928560047560673,75.4416431581891,0,250.0
21.996868438025956,78.28169963086205,1,250.0
20.815683707571733,72.29537356539764,0,250.0
21.236844650567704,73.7056868715542,0,250.0
20.066135493600502,72.92527903172962,0,250.0
20.926728801542847,78.00002398490366,1,220.2654716618154
21.701948147737383,77.85229388038113,1,211.10646250947957
20.973327491498125,72.6664402434091,0,250.0
19.52142859739064,76.24628122997571,0,217.76299955474934
22.232377842233333,79.5694255568198,0,250.0
19.57151726456702,79.51706966651501,0,250.0
22.977762493234636,77.82361331367018,0,248.02660218962745
23.20200946156272,72.45081395286155,0,250.0
21.98361598817823,76.79629285922533,0,154.95326213712428
19.340093023013523,78.42170940602757,0,250.0
23.68993645289536,78.72253958586157,0,250.0
21.115171606831883,75.9450576381234,1,115.99484046753946
23.024859288943716,76.20540352061155,0,217.12935666866284
23.85127237083444,74.06564833014225,0,250.0
20.013732665386414,75.81565788456986,0,200.19001087789962
21.734032399551992,76.84449798444263,1,142.43916274158485
19.89404437948315,74.97559634369941,0,230.13514839151517
21.221372051519147,79.7363766448756,0,250.0
19.89876570982002,76.72746017477107,0,217.31965614706266
20.94804823831749,75.96856090374521,1,136.58890066323806
20.573782263027304,75.67642172242745,1,161.4611719887936
19.419884940369094,79.40036444750895,0,250.0
19.04192576592549,78.64979892876521,0,250.0
23.664843399465838,78.51614611257119,0,250.0
21.34749812964965,77.447951942726,0,207.61029371517736
21.46077320992432,78.7361183760775,1,250.0
21.105927686859687,74.97406802903798,1,189.94988322243586
21.006446278311287,78.20105588033529,0,245.7005899935196
22.22501964783629,79.26157993694657,0,250.0
23.477979690698117,73.56115031198874,0,250.0
22.46084634198651,79.98020469001918,0,250.0
20.10841790992891,75.3731523658271,0,203.05176243549028
21.167840869411222,77.68171473152593,0,220.58114236849886
20.09833530818464,73.46355412836405,0,250.0
20.476734271060597,76.81386526105527,0,182.3822527689481
19.902792620941074,73.72321651785148,0,250.0
23.124152481334644,76.20210542609483,0,228.43088863111444
22.422313617656155,78.72910284856644,0,250.0
21.902040451186167,78.79011788961662,0,250.0
23.88733265013081,78.12732667288545,0,250.0
23.012972358589554,74.51458638812964,0,250.0
22.767128570379146,78.08452644710232,0,250.0
19.358712425993836,74.27522070947781,0,250.0
23.21901543432835,78.35778560049636,0,250.0
23.283652195490543,77.47193710457293,1,250.0
19.025553401133056,72.9744763403751,0,250.0
23.028367983381028,72.42086734568946,0,250.0
20.58489120509196,77.3129926777405,0,213.29593644146607
20.991805472857358,76.52635073294871,1,142.13527174761055
20.719265203149362,78.80763701700832,0,250.0
21.34250927242073,74.32293595897087,0,226.0401277200094
19.535060266953828,79.10103833149667,0,250.0
20.93637304661828,75.91122928437166,0,130.53466521117548
19.074550166384896,75.31026429061211,0,250.0
23.314334364406104,73.38207258284055,0,250.0
20.416948331109328,76.68584883308539,0,180.9328494174638
20.558208150538928,76.4498706524425,0,162.54987471179018
21.339275171568044,78.94059313310916,0,250.0
22.041223207650994,74.70961625483527,0,196.95386612858832
21.883731369076788,76.87148603368024,0,165.46224636199273
23.900320155272336,75.41939501453191,0,250.0
19.878931579588734,75.8059772229351,0,194.79652766478245
20.250236332100332,78.67208859509067,0,250.0
22.97737612840881,74.94179581607614,0,225.5856681046934
19.12141440788026,77.9152004628028,0,250.0
19.88915193595275,72.02968408772172,0,250.0
20.848229700068618,74.47628389949861,0,199.9154078182296
21.966178347502698,76.41719092157211,0,117.57153079661383
21.56680171318317,76.23330287681081,1,103.59285645579828
20.023784023443003,79.37201642897843,0,250.0
19.39752009681183,76.69947936807554,0,250.0
23.089974768062,75.88752240432031,1,212.00774676706297
20.58937504258185,78.22140712355282,1,250.0
20.8728910491041,73.28456988375972,0,250.0
23.64718493800769,75.37358339052845,0,250.0
23.851783755493223,74.4039265593538,0,250.0
19.59237609525143,77.31868939621484,0,250.0
21.39820340760587,72.72332724709564,0,250.0
20.67809862636064,73.3772471238001,0,250.0
22.728874399237384,72.1994734937799,0,250.0
22.765179735082164,79.24772318126732,0,250.0
21.325255229873584,76.4140626855938,1,133.5491180664509
22.985896731570556,72.65952989952564,0,250.0
22.174094623961967,76.95251062534638,0,173.3832906976619
19.282013031887107,78.81006782777949,0,250.0
21.409255840958753,76.48456911748919,1,139.26673679259545
23.099471361320386,75.39481455542426,0,213.46059643078962
22.586962159706275,75.41348538486628,0,193.39424142856217
21.946720568015138,75.15702176215807,1,150.99392847764847
23.744792701607828,79.53265508730928,0,250.0
23.131649359806215,79.39323502091683,0,250.0
20.139253535018856,74.84078635788485,0,194.6337426984676
22.901250728598306,75.94620194833485,0,182.86946812659377
23.26968404211432,77.30711574759862,0,250.0
20.60269321964394,72.32607406641266,0,250.0
21.642278763901164,74.21274499596183,0,214.28139218470642
19.3984009595359,73.82297324548048,0,250.0
22.47259301780367,79.32580298200742,0,250.0
21.512935136612374,79.53544465848655,0,250.0
23.115503574659662,74.26539700122211,0,250.0
23.810409001358096,74.23381839077712,0,250.0
23.986025070374204,72.66565485222665,0,250.0
19.009185415825772,79.3702445182553,0,250.0
20.695333349999473,76.78525814386927,0,164.16951538875622
23.295710015527398,77.7465218526987,0,250.0
21.73078796470825,73.26604934618645,0,250.0
23.278106981605397,74.64827374858525,0,250.0
21.985883258688897,73.57933332574135,0,250.0
23.86111704659747,72.71312207974977,0,250.0
19.417970211333003,72.21178317554647,0,250.0
20.045305737890352,74.46238059910726,0,238.37583941625198
19.56150387644878,75.4008233498812,0,243.29057796758966
21.288065560393395,75.35351366760358,0,139.95587842605272
23.977473736174865,75.97321607547428,0,250.0
20.5086366291647,77.36510324776299,0,217.22563696160594
20.928177570320177,77.61582313309715,0,210.9783716384221
19.904875602253306,77.02764865426948,0,232.66615141361248
23.549199345709333,78.88338100318276,0,250.0
19.083165428969785,75.28728607204015,0,250.0
20.96050650062747,74.91690690649882,0,171.43049258148196
20.334647693445245,75.42781135959933,0,181.95879590169073
20.50876375302573,72.71505002187857,0,250.0
20.641887720601964,72.97533693591082,1,250.0
19.79866175872137,77.03376864507142,0,238.38240772144118
22.44242340847211,73.71340181551743,1,250.0
23.775704002172105,74.31585441394664,0,250.0
23.241283840418838,74.10964393494929,0,250.0
20.40170647322985,76.54960106752348,0,162.8284023549054
21.281187309028574,78.8379124188227,0,250.0
19.1336100660437,77.81248328562522,0,250.0
23.88104190357114,72.23058652879642,0,250.0
21.312861629984504,77.77787443356564,1,215.0517115267092
23.051347125877317,74.29843592095395,0,250.0
23.912679933406352,78.9927671702357,0,250.0
23.57654196944265,79.70683667010756,0,250.0
21.159565909251626,75.86981381354781,0,101.54007821567795
20.11733442073725,78.74803232840281,0,250.0
23.71206562980113,75.5899763829687,0,250.0
21.31255456665417,75.71588410885393,0,121.48920909180816
19.267898790731785,79.44948850696183,0,250.0
21.424856634546657,78.96504783771903,0,250.0
20.420385500925697,76.94905819160775,0,184.81773173796816
21.307144880538733,77.57185714786648,0,203.43491296983268
23.522872292121676,74.98120126153927,0,250.0
23.55230265328803,77.95092488823464,0,250.0
21.1962974867704,72.90117748395495,0,250.0
19.331285906085366,76.60121604007679,0,250.0
20.7136895803771,78.55673540772439,0,250.0
23.882527430512337,78.82878376858643,0,250.0
19.802285771816173,79.50852204993598,0,250.0
23.87859304081022,74.4722163476014,0,250.0
22.242683326628125,72.15023041604636,0,250.0
19.847402266081513,79.04685552532672,0,250.0
23.52476746992263,79.642909248372,0,250.0
21.999083505040034,74.66009854048244,0,187.45679051150387
19.101220021860037,73.325039024223,0,250.0
21.79124714212575,78.97754293963014,0,250.0
19.952972308631583,78.31720696653241,0,250.0
20.836321693405196,75.36302279292345,1,146.35705060678623
20.87166626206012,79.4817505361136,0,250.0
22.08406576148644,73.83816187759051,0,250.0
20.36256050724417,74.33813360333068,0,234.43030205379642
22.04813256225244,79.65385181350321,0,250.0
21.766395748476867,78.85852545840416,0,250.0
23.859560296551074,78.12235266606555,0,250.0
23.378292722952217,72.4831790840021,0,250.0
22.499826777502236,75.31653268124683,0,163.11433227033558
23.879656207452378,75.39595499841012,0,250.0
21.330681915904,75.45673261994433,1,131.87426123753903
23.357186739243218,72.81736340390891,0,250.0
22.30505955534896,76.55967546814027,0,163.09282154689512
21.265025150086466,73.38057002397896,1,250.0
23.281881712429207,76.14759119842735,0,219.77387536860022
19.185159359878817,79.2300562975476,0,250.0
19.021747148835043,76.11786855654111,1,250.0
19.309491706376573,72.19806144283362,0,250.0
22.604474838830665,79.08221766319492,0,250.0
21.778101084733787,73.68036451452872,0,250.0
23.891467080030473,75.80684345185259,0,250.0
22.382949353696024,77.05257067030628,0,193.58873198519248
23.5240219989226,77.95745539661341,0,250.0
22.166516808415842,73.79694704661061,0,250.0
21.26861922667851,79.67691238880016,0,250.0
20.507096678382133,75.35825157672707,1,168.75758775502962
20.78820467808333,76.67916802756774,0,170.16312082067162
22.619197703455605,78.73412342474543,0,250.0
20.72195206539173,76.95865298594359,0,187.00111183946717
22.858601576176707,79.8144841801507,0,250.0
20.561561733285952,75.05236978592569,1,191.75111276680505
22.801290102267732,75.63290958440993,1,197.86430758894286
21.03683262304118,79.5273836242588,0,250.0
19.03278434173078,72.34776018943724,0,250.0
19.395249669440812,79.77884227024119,0,250.0
20.897537327990282,75.1862918506243,0,164.81415698417774
20.986960418081807,78.39092803979221,0,250.0
21.407995304759577,74.9893090698061,1,150.88860512921383
21.594792963397953,79.48762186862467,0,250.0
23.016471649307242,73.94157901561401,0,250.0
20.64957849036786,74.4023828348196,0,224.00020977861988
19.55495212020403,78.36829162572506,0,250.0
23.989351949913775,79.06550437131567,0,250.0
21.91255795604835,79.26113196228478,0,250.0
22.809637300700807,77.87888130387894,0,250.0
21.94832386089806,73.28088373831585,0,250.0
23.51163114218182,76.76629104509769,0,237.65068122106013
20.44596826922156,79.29828089135091,0,250.0
19.552560031549966,75.82816756534513,1,218.68291684681637
19.514899884397167,73.50484166294596,0,250.0
19.269587302962332,73.96386158489989,0,250.0
19.751845342556116,76.25221254208975,1,228.5739854784118
21.84283256320991,77.83805292176562,1,217.7529594977182
20.66359594720747,76.43852516942262,0,135.38670133540165
20.805576333196285,79.41903935210114,0,250.0
21.686701895398958,79.46374007697759,0,250.0
19.808941066388332,76.83001258843566,1,234.99471752760513
21.19959407522272,76.2731825726022,0,105.4136969052439
22.924027564099514,78.24870385684672,0,250.0
19.371453198530233,75.73437469932118,1,250.0
22.179288422736505,74.84933723900744,1,174.99450606026585
19.21538033489629,79.27825280946007,0,250.0
23.05329930105915,75.43269000926533,1,201.52039729196616
19.07465139826889,76.66477722127401,0,250.0
20.02466588878797,73.64966379836402,0,250.0
19.6302770185089,76.04372817820554,0,237.52553321025474
22.46499984040119,75.22472878720268,0,183.07825025338497
19.8689638444312,75.1065629463791,0,231.94201946462553
21.732059959008502,76.77873719674723,1,130.695760123114
19.705817789176844,77.98886922872293,0,250.0
19.13644078869529,75.74935258843247,0,250.0
20.60134359236853,76.58132967806645,0,157.22447533403408
20.51121876649666,72.36200313681132,0,250.0
23.979935900830355,77.87478460585916,0,250.0
20.94402865549968,72.37328718218815,0,250.0
23.74386890782668,79.73003248889958,0,250.0
20.53177987261097,73.43886549802201,0,250.0
20.69596125503472,79.41982470080542,0,250.0
21.109660153878966,79.92871326723255,0,250.0
20.442811708172602,74.97073388616857,0,201.3073903387598
20.22392023097663,79.78675877091256,0,250.0
19.022837303044483,79.1696213373345,0,250.0
21.90030611850162,78.13572187057824,0,250.0
20.38678175521446,73.93266938654142,0,250.0
21.205288560569045,79.41556508098786,0,250.0
23.293129839843907,75.43886827910777,0,246.6928043600167
22.54280297105336,77.36597970856756,0,208.53802209944308
23.134000537452707,74.97516241910009,0,235.6690288767527
23.627157094438193,79.38773044590116,0,250.0
20.81359554239978,77.21376354408125,0,191.39103196547558
19.891085656378696,78.2961856452907,0,250.0
19.010006284458697,78.92077309571476,0,250.0
21.679480055928742,72.24527016986774,0,250.0
22.85362259688159,72.42591252970794,0,250.0
20.834751035684704,78.41401862022902,0,250.0
19.093291130136212,78.31313194101841,0,250.0
21.682246052680142,74.34771177344525,1,218.26561643223005
19.73963089820171,72.85490228882077,0,250.0
20.583720276890745,72.93989530923633,0,250.0
21.99917976742568,75.88213562119732,1,114.58157262797819
19.28023257667849,75.98348877170886,0,250.0
19.14340535105387,72.28671957442933,0,250.0
20.44527150452722,75.50875842267453,0,168.4527454238653
20.300525043002384,74.34128056616113,0,232.81049737998922
23.186086626814717,76.86877656774969,1,231.93481073393525
22.66417829357224,73.41785934611868,0,250.0
19.566439644057777,75.29987191680728,0,250.0
20.576182344393573,74.70882659558359,0,203.1913700223097
19.7839772510345,74.18034503202594,0,250.0
20.022120354267177,78.56969295014349,0,250.0
20.047071946607417,75.09271133084135,0,230.76386100259043
19.41701690531863,77.8790419861776,0,250.0
23.490482678546073,72.62764972086137,0,250.0
20.597988809716668,77.05351363151225,0,201.20909047212072
21.116443554403467,78.88988002514435,0,250.0
21.724794485200064,79.97262857227271,0,250.0
19.47649373361194,79.50399242807686,0,250.0
23.26247267140267,79.30638398449202,0,250.0
22.128776214379926,72.94837376046544,0,250.0
22.627178256889135,75.36264857661567,1,151.03324068415534
20.91576504200912,79.6551469303632,1,250.0
23.22252513508999,76.51139397638883,0,247.3159984584085
22.90788051766897,79.9417429999782,0,250.0
23.321162569732877,74.42893088807566,0,250.0
22.01109197261382,75.13359801759924,0,163.47751058469737
20.447569441600237,78.25667529041313,0,250.0
20.137266472880565,78.53416044119005,0,250.0
23.500216271009936,79.18018290518626,0,250.0
20.25087498438467,75.73298595514066,0,188.181566880223
21.681507418410998,75.83974255622545,1,100.97495035785303
21.664318079423378,74.98312460586938,0,184.7404164712562
22.38281779346769,74.63650255686427,0,213.68260363138722
20.327898918593583,73.8842660102146,0,250.0
20.86466414137005,75.355977135279,0,145.86247135925652
23.73814750175027,77.75733656220454,0,250.0
20.559773065802123,77.00493211102639,0,194.5302588750149
20.3538759083318,78.46564099048678,0,250.0
21.14398639834355,75.70974581186857,1,117.63701150824389
20.541265919400853,77.89861765446716,0,241.11285538190424
19.789583284976292,79.46473411603897,0,250.0
21.41154670095908,73.16391183433994,0,250.0
21.46586163443519,76.22359792871336,1,95.16426672719182
23.293053978851315,74.19515803977248,0,250.0
19.779821222185614,79.26596576802122,0,250.0
22.035597464466758,78.99422385386757,0,250.0
19.072806153763185,79.55095861740969,0,250.0
19.368911579073703,74.72387496690503,0,250.0
21.69472762037417,74.21210561697089,0,226.1481757617417
23.182619478739454,73.7279673755445,0,250.0
23.73212879100785,75.44456799202875,0,250.0
22.56096652625893,79.99880085301075,0,250.0
23.31839019552891,72.34183220220372,0,250.0
21.888441652833343,72.04846484177766,0,250.0
21.26188705948048,76.79027291565245,0,137.21316117888804
19.936429314675717,72.16927991458452,0,250.0
22.16682423359983,72.12009452112538,0,250.0
19.094309014041507,74.54970217866664,0,250.0
21.081755788887712,76.03544707140368,0,110.71256522100344
20.121294705343505,75.67535229165925,0,200.8662970215191
22.719991445559174,73.639147923868,0,250.0
21.501754810452677,76.13820221426529,1,117.0464348335225
23.004888566049893,73.4160623967621,0,250.0
19.430891956701185,77.09626771544796,0,250.0
21.91238897701712,77.08659254222081,1,174.21748543677126
23.135177218842067,78.80703454161106,0,250.0
19.42273164979727,73.99608985952052,0,250.0
19.954802862325092,73.76855683197182,0,250.0
20.695811868212598,78.89726699716529,1,250.0
23.662302351306813,78.62419703150755,0,250.0
19.809979810154438,75.85116456695012,0,201.4214449957514
22.6191239179636,76.81208524782424,0,184.9541139080632
20.098391593342974,73.71114762500872,0,250.0
23.26026907759501,75.48277259674909,0,227.23085757100122
20.81905925136596,75.72448461619062,1,139.26059922478328
22.85996134850622,78.38460786260694,0,250.0
20.449315857929715,79.53179361308523,0,250.0
20.438648253903935,74.71068188459935,0,200.6753512222179
23.434769709127373,74.07125476706938,0,250.0
21.084523741862235,78.88468531054467,0,250.0
23.522938478109054,74.2309528228401,0,250.0
22.718850597542996,75.54660150557166,1,183.48228414640033
21.825565297041255,72.50373911741939,0,250.0
20.72109605254494,72.57516782205307,0,250.0
22.604404779244906,78.72515571159416,0,250.0
21.237511999527626,72.6697221908637,0,250.0
21.09332253510266,78.88763842342983,0,250.0
23.357045770961065,74.94736288632187,0,250.0
20.107248479294004,78.54819993989247,0,250.0
20.69709815734823,79.7988165497566,0,250.0
20.394738997676004,79.33894203405816,0,250.0
23.43819130929661,72.8345827994278,1,250.0
19.11951069578376,79.51433379369075,0,250.0
19.8943693334988,78.84861295024183,0,250.0
19.505303092224313,79.81568525123824,0,250.0
20.55861385243922,72.6711529862211,0,250.0
21.86086234079071,72.54867550596106,0,250.0
23.06767298146137,77.57193204110257,0,250.0
22.040014259703547,75.15152682154473,0,172.00816110956214
19.453554196680876,73.43110417746203,0,250.0
20.97118977101495,77.48108893692432,0,200.09648089949079
20.70557275930864,76.43458773494528,1,135.63019798015648
23.425730984875702,79.305438816771,0,250.0
22.1605648358247,75.87067940187376,1,136.08514756557574
21.69330749006034,74.180161681384,0,214.0279275123712
21.413174117943115,75.37389383588751,1,124.36670731691319
22.30648708168047,74.67318207217286,0,198.69364364437618
22.183274310826928,76.01580248783249,0,136.40352241260956
22.35850003616195,77.67678871245155,0,237.50817223253168
22.196458095370293,72.12853425750583,0,250.0
19.75223177065495,76.55149352107514,1,237.3245977910873
20.17253068753913,73.71481035568411,0,250.0
23.14087929284524,75.74047945054468,0,223.13143612663228
23.81177263256098,79.6142869685135,0,250.0
23.011763134169605,74.88828949018222,0,250.0
23.95132087911721,78.82277271210505,0,250.0
22.72189036800029,74.67496849918945,0,229.6743409814168
21.064511056497963,76.91066159482129,0,165.85001942777367
19.652643092172106,76.12177065410289,0,244.49921215006952
20.211423418816047,74.29239153597311,0,250.0
21.499478860338545,77.59674600904829,1,199.9715967739811
22.713883051571987,73.81603595861255,0,250.0
19.867293886374654,73.16377920684789,0,250.0
19.19715393454785,77.3051194977525,0,250.0
19.35535892765912,74.63964399062928,0,250.0
22.95982011813136,74.74472697951799,0,233.48727361579108
22.810198225363614,78.18484768959217,0,250.0
19.07865706316642,76.5681055635525,0,250.0
22.002939133041497,72.85194156271393,0,250.0
20.98676016590139,75.34277106054083,0,173.3063246241359
23.05010617896949,76.42521615115031,0,202.5284489920868
22.66469682143727,73.19759196869319,1,250.0
19.184540614885993,73.53786731375257,0,250.0
21.035833673507998,76.29782134646547,1,126.38418090619935
19.767530190568557,72.26142018635393,0,250.0
23.626693337967534,79.79616550034176,0,250.0
21.626170855019616,74.46883946582439,0,174.01740296571006
21.35884432463149,72.4318110928683,0,250.0
23.411886072386288,79.88812906799376,0,250.0
22.65162458680842,77.66875054663186,0,231.6610100770272
21.93737968698652,79.13214014035063,1,250.0
19.51141730737213,78.10392250842297,0,250.0
22.229066967036857,76.51357435193411,0,129.6616586952183
21.552490017389083,79.59478237288273,0,250.0
23.961530853204124,79.8528990491418,0,250.0
22.081502895123204,75.28635716031555,0,145.55849489069996
22.35646515429066,75.14428002352861,1,174.3415649976185
19.59411123961494,73.91036021580558,0,250.0
21.200428008946815,72.92068550417868,0,250.0
21.880951100738322,79.63780000146785,0,250.0
19.38585218175039,74.22570995996551,1,250.0
19.96231207489985,78.66765127249923,1,250.0
22.13233996301402,72.40501491432929,0,250.0
23.548619188815557,75.6783111893116,0,247.1558747232902
23.280620364823278,74.71060461598522,1,250.0
20.72773773568975,75.26183187042096,0,169.44457254769657
19.681850977301934,73.32564174166917,0,250.0
21.93869709375694,74.53388191585071,0,202.12513138255093
19.374485388229353,79.00400710753024,0,250.0
19.113188806049244,73.39038354229766,0,250.0
19.658258397330417,78.55412962925604,0,250.0
22.116141200712455,72.79998488218976,0,250.0
19.205623964028778,79.01323597642617,0,250.0
22.27826420589522,79.95885201454018,0,250.0
21.794991200509795,74.99056054031695,0,169.40348848500443
19.455465315605274,76.62475988988027,0,240.0178572216709
19.651333119844388,76.58640115807188,0,232.721711990887
19.85955830828823,73.82098353823221,1,250.0
19.044752190083116,74.91027939188801,0,250.0
19.52882156469628,72.57995352384998,0,250.0
20.328285858826163,78.87062401513904,0,250.0
19.55554682712195,75.04784520731178,1,245.2495665388413
22.297537465942593,74.8217222378335,0,188.92935145519263
20.658238979464702,77.0645311377106,0,194.31213621336855
21.301708603926546,76.4535020154559,0,135.79922530562305
21.518604114946545,73.9617490682521,1,248.17347897476327
21.88246718295222,79.04830181818446,0,250.0
23.564030743602366,76.4931048892528,0,250.0
22.066331151588223,77.1147333634674,0,197.8230618156462
21.585432111520753,73.07733079625046,0,250.0
22.07736539521664,72.68472126413192,0,250.0
21.274277627565706,78.83745282132105,0,250.0
21.723707530672012,75.26135918819838,0,136.05376776375073
20.991808443252978,77.05466334586684,1,187.75623209174057
22.242858987171594,74.44320771354325,1,215.97239499207924
20.404046959180192,72.42286659767588,0,250.0
20.538840138647867,77.04434962712199,0,191.34080611064658
23.358377536459823,77.0667401694639,0,250.0
21.679412489583427,74.1732533912339,0,231.95666607217566
23.49696161057137,73.36283604627249,0,250.0
19.098560514581298,75.97710791656291,0,250.0
21.82136107694973,77.46907119519885,0,184.4440327057222
20.598048503943904,79.32463860472859,0,250.0
20.59420641286389,74.24307658362434,0,250.0
22.29436603148094,75.45186676119988,0,154.69656305459495
23.314533182591532,76.54922657656446,0,241.71807653261425
22.039159017806007,74.94585614477643,0,174.23047587876644
20.49597293056819,79.07768967374597,0,250.0
23.086420415190105,76.27657036549051,0,210.20911805910075
22.156973506429324,75.65164682124121,0,131.50058160736964
20.335751141583554,78.90553391886736,0,250.0
21.543396880713154,79.18587189246911,0,250.0
23.864939748917198,74.16444174266515,0,250.0
23.172697360045774,74.44414055993579,0,250.0
20.826014817504813,74.23418086401209,1,250.0
21.688829386467358,72.50313343378954,0,250.0
23.04811770536823,74.7122809612578,0,230.0969250089684
19.572224311672606,75.5696696381008,0,249.63381727260298
19.44183484084217,77.73808337531446,0,250.0
21.52476200661773,74.39092783296482,0,206.1891720579215
22.96800820777816,75.36711472122177,0,223.46445436915303
19.056219931195454,78.13139650094443,0,250.0
23.908570449086582,74.7324514615885,0,250.0
22.324502046467572,72.03502321151795,0,250.0
22.709775400772727,72.85070471461859,0,250.0
22.941195537071206,73.19257933800479,0,250.0
19.01566209167492,76.65555223771644,0,250.0
22.13250378239693,76.20277822835253,0,119.66928560645906
21.60565974670541,79.61972705277749,0,250.0
19.989652768074386,73.44099368456003,0,250.0
21.98787553617624,73.76262867630936,0,250.0
23.068052995202315,77.97929070511096,0,250.0
21.501987381096036,76.50952625547579,1,115.57279337681402
22.57069161086107,73.29694779559001,0,250.0
19.81087636294106,79.65079370536297,0,250.0
19.722648630234495,76.32619839525057,0,222.31155796682
21.872395197415194,75.046516509314,1,153.6173668356899
21.196049132114172,72.02200612945806,0,250.0
20.310611643106515,79.08581528530956,0,250.0
19.417260030534937,78.51675745286356,0,250.0
23.228259722431005,78.05520269729845,0,250.0
23.009911264855813,75.1985139043214,0,211.88807808081194
20.589036298201666,76.59752601607298,0,182.2550645768146
22.158231204193957,73.12196303881136,0,250.0
19.57726838847573,77.18946228454789,0,250.0
19.93736261083755,76.27874967934504,0,198.8323937195081
19.935795930291317,76.85919109723156,0,236.42985609383595
21.672453032766324,72.97622324433333,0,250.0
21.973920123493865,76.9886904569144,1,156.31779098011552
21.195001606895126,73.59442507634796,1,250.0
23.552830970894203,73.51443314007666,0,250.0
20.94523347695621,77.42538980783009,0,186.62456791059128
21.620458224221284,76.27411824400608,1,94.83362965523237
20.913655149176556,76.8245404435345,1,176.74097521104898
21.005477895123366,74.83166647820491,1,175.72175927133407
22.2247449438594,74.57377387427529,0,209.19264188084858
21.29078318021477,74.5847182968963,1,208.36326085985573
21.22522495994241,79.36124268412345,0,250.0
20.129899759222944,74.18974832296239,0,245.36575435529753
22.65331782580884,76.1613092825206,0,191.29962074991937
22.382094747534328,76.10028368708193,0,152.37094706368705
23.54245939277343,74.1867231731324,0,250.0
20.367295716438257,77.22949585009857,0,228.79068097049475
19.49965605265795,74.36116896921817,0,250.0
20.330609732466893,72.61763359721667,0,250.0
21.579176256400647,76.124593085792,1,94.94124559843422
23.42052193707502,77.52961573862522,0,250.0
22.611650918950303,75.44067398376673,0,175.34440251468905
21.023908368934578,79.30490535959466,0,250.0
21.666497852085467,77.69964116210198,0,187.44221601716026
19.19401858198623,77.24996564201689,0,250.0
22.049061682183076,76.88145074130239,1,162.2677764585151
23.543951993238846,72.52112031754109,0,250.0
22.77120802484498,73.4519621440415,0,250.0
22.01492848948576,77.07075108017402,0,185.2530514361608
20.18521142148364,76.85027471619195,0,195.7946717955943
21.17572488195528,72.59648858062334,0,250.0
20.959229990681486,77.74641710497245,0,208.5594924703649
23.052788157036282,76.28720581728851,0,192.85317032675022
22.41135358376033,79.16701117602688,0,250.0
19.241863668155236,77.75597766394438,0,250.0
22.50915043846388,76.23088668276785,0,158.32762593884848
23.130863087638737,75.99089641256586,0,196.17630132099677
20.567170804853195,77.79124690064317,0,242.37145616216225
23.16644693721228,78.35605069923588,0,250.0
19.19700768232488,77.43131283341224,0,250.0
22.678475396193896,73.3926700445545,0,250.0
22.42230243918052,75.52989366263525,0,164.18071456129235
19.856040214093696,76.20646571827623,0,209.0681188462227
22.564743253256523,78.00899084798277,0,250.0
23.314281321672784,74.26682793923096,0,250.0
23.742453487040656,76.15432953991088,0,250.0
21.659812141402703,75.77530816161565,1,93.76314292104304
23.206009686702583,76.72672317708108,0,231.50247817215578
23.126896569505917,78.8402937081241,0,250.0
21.78111334814113,75.81273367920069,1,99.62192631304421
20.952627389007816,78.87521846296286,0,250.0
22.897014725751813,79.80229103152676,0,250.0
19.433678649964214,77.12776535127617,0,250.0
23.786742703062952,74.49143152433007,0,250.0
21.055422343715385,76.82040267918188,0,162.34897622856082
20.35435642739904,72.21580980449619,0,250.0
23.862173861482354,72.99130406820603,0,250.0
20.50083639022433,72.11427291309269,0,250.0
20.17168470946617,79.1316196753794,0,250.0
20.308894532432184,73.66517473616207,1,250.0
20.7756663135114,77.98609691476136,0,250.0
23.40118474997808,73.81580498316579,0,250.0
20.9919187616043,73.80185903136527,0,250.0
23.87481467499214,77.36183559664542,0,250.0
22.48801100448281,73.46083428180607,0,250.0
21.812441708909663,72.79758691017229,0,250.0
23.77569745879494,76.74617129459301,0,250.0
22.736760448615613,79.05045177806095,0,250.0
23.66627966334638,73.65434205162961,0,250.0
19.685068219831287,73.01369384430393,0,250.0
20.282453649222827,75.81671440248158,0,173.18416887243583
23.75416123255025,79.6650909801389,0,250.0
21.50997017933331,74.00888154026828,0,243.15760992813907
19.917077372139907,75.04831272167947,0,218.0788716976112
23.926292112227504,76.06746477241936,0,250.0
21.42911374725312,75.13146948838653,1,139.3433886619955
23.96340107917672,74.02734780189064,0,250.0
23.004780415014256,75.8297560915605,1,208.67829999466184
23.670010528612735,73.18959356611698,0,250.0
21.47380698100597,77.97592128381574,0,237.6751705118733
19.790320868393533,79.36260689330004,0,250.0
23.267341231261312,77.14198413535934,0,246.35954208990282
20.365587275903213,79.45383667587689,0,250.0
21.135283379178187,75.71147664493643,1,113.50308565864155
19.271428632693716,74.12813206533848,0,250.0
19.2531556064946,73.28243657705288,0,250.0
23.00228369832505,75.65536125859063,0,190.46705217715984
22.477023860483104,77.71257833909517,0,247.84050331205268
23.31553333118527,76.25406606651926,0,245.62651851119185
19.128426908901268,73.78030065584598,0,250.0
23.960028673553957,73.24700160194165,0,250.0
21.02843230488255,76.9939386994991,0,165.66734479123647
22.184912493278997,79.88724297614681,0,250.0
20.98582366360836,78.46909346677069,0,250.0
20.509625985245265,73.86017938493814,0,250.0
21.58655145757655,78.77916130845297,0,250.0
23.228103622538356,74.56735914310187,0,250.0
20.156381472488548,78.64832738796835,1,250.0
21.003516171757806,79.29373446596465,0,250.0
20.70735251772442,76.49930458584807,1,144.705450122353
23.95503933070932,79.4214104636117,0,250.0
19.79371911393698,75.82381078855592,0,239.00892841700468
21.59687254871915,77.72163829211296,0,225.10719792826944
20.364310421095524,78.39569815828001,0,250.0
21.034614381921507,79.89462436542235,0,250.0
22.081898425348605,79.39696014888722,0,250.0
22.553557599972557,79.09857079616401,0,250.0
19.41070053728936,77.3180750297749,0,250.0
22.926339194052105,79.19525408327941,0,250.0
20.604224629425744,74.88142899484025,0,191.25320948257644
21.535980350880134,77.41792376544643,1,173.67767209725656
20.773090595148332,77.62025012426463,0,228.0379420057908
23.475563810631918,73.79993484760952,0,250.0
22.454939639716926,73.94605494900219,0,250.0
20.12662242640522,74.38714981939695,0,250.0
21.50754235894711,79.10960741271218,0,250.0
19.822163932371932,74.6767712892548,0,250.0
21.1567593645552,75.64920415363002,0,131.11534116228992
21.84946229083723,73.01053601132382,0,250.0
23.13717369808091,74.15688416707336,1,250.0
20.104725386215552,77.55918276581778,1,250.0
20.820206900733908,74.60478079194318,0,216.73931680778637
21.20007023074381,73.67937328628659,0,250.0
22.612185852759556,72.74105558699637,0,250.0
19.889926273749182,77.10888679899017,0,218.6543282876835
21.56978517393177,73.72921462169148,0,250.0
19.867480225335505,73.70314401159551,0,250.0
19.993649121433467,76.7503301850981,0,220.51721992733027
21.019893591375883,77.28591897820368,0,189.47734314771088
19.98604802076901,76.96127083397629,0,231.73693000724288
19.20100605426311,77.95250874484026,0,250.0
20.331299668116618,75.88213843047164,1,173.90600248480857
20.319188339234923,72.76253010680057,0,250.0
22.625936003410928,79.53701793730585,0,250.0
21.30414029810063,76.7492798168701,0,133.0247267582975
21.13431258106822,77.96368557751187,0,240.13411219995803
20.070723422636735,76.987941095203,0,221.85003760748467
22.368444977000504,74.20971588295937,0,226.8164503070871
20.637993058516983,75.15110794166837,0,167.78223625697342
22.124307676022866,72.2794157063499,0,250.0
19.879471806743712,78.55597353542355,1,250.0
22.219100457933692,75.64632841644138,0,154.91923201619207
19.652338498384548,72.67776269882653,0,250.0
19.41489791997453,73.31593263737663,0,250.0
21.08177889866441,74.77216728006421,0,187.14420207988346
20.223307014270322,73.50715531202152,0,250.0
23.078493296515205,79.10470770201344,0,250.0
22.745299533799965,74.13833587660578,0,250.0
20.473742931661494,75.4111660107111,0,169.31389293498307
23.282362572232834,72.7412381120289,0,250.0
22.840776760649394,76.87111929427057,0,229.04316805792502
23.100963626173147,78.10199585112603,0,250.0
20.86297743563405,78.5007391918759,0,250.0
23.529402469532574,76.57891473075138,0,250.0
20.079458613972097,75.88988134275434,0,195.01909951188443
19.138781687086244,79.19932417266281,0,250.0
23.436784211369414,78.02288647049096,0,250.0
23.65240095141841,77.86576155541212,0,250.0
20.306937764114167,77.59505020461393,0,228.28765397524035
20.150148011576512,79.55175930095038,0,250.0
21.589543137189125,77.6794308078667,1,231.91507733723336
20.384013207716542,75.29830112491426,0,203.07502954023025
20.627837667891143,74.09199132656755,0,250.0
23.935220323621056,73.09040102089756,0,250.0
23.598830987020342,75.78696343777315,0,244.19334967335698
19.347495105770545,76.22310741078135,0,244.93158744459618
19.365007469233205,79.14751495975602,0,250.0
20.852364254307886,72.80306924239184,0,250.0
23.322415886934703,77.65541640585779,0,250.0
19.065435233331282,77.63085548746912,0,250.0
19.343285443604383,77.01431498161863,0,250.0
22.16591741415941,75.40919823471427,0,137.052291502488
19.24721621880893,79.21048402968361,0,250.0
23.795446532019383,74.15343333560568,0,250.0
22.60943615747407,77.4055800903939,0,227.05327913710963
21.939852351336633,74.34813607498552,0,214.64677920944925
20.415116563422213,75.3846634169736,0,177.4662727482056
19.62297309206618,79.74176565993854,0,250.0
21.970929630173277,76.9177626852096,0,166.73275569210475
21.984611712430574,77.49595815540407,0,220.42815718765135
19.1172066263737,72.81189039535111,0,250.0
23.52197669874479,76.35140831193979,0,250.0
21.36450219279319,75.31893244663149,0,114.4491196272641
22.970594225941625,77.57932970202899,0,250.0
20.81189652646056,73.5021356609897,0,250.0
23.018704334448483,78.34644856071155,0,250.0
21.06151019106096,77.57257820248674,0,187.30323858311277
22.44189247962484,75.15608853285205,0,171.49418615198996
23.86953792221907,75.3093279661291,0,250.0
23.66630880355747,72.29194263820308,0,250.0
23.824031491159182,78.29989892241342,0,250.0
20.712951296058314,75.77046453974398,0,148.69371709322266
20.766005230125536,72.92745553720458,0,250.0
21.713997221356294,74.21256371454989,0,232.24368286876523
21.58888017666341,79.76691361480079,0,250.0
22.029828902636645,76.88859133446554,0,165.04349460810676
20.47578675302564,77.31318772153594,1,208.61449131675238
22.010787672529617,77.73150689574379,0,240.67439797499182
21.380442509854195,77.24844675807506,1,176.81188637593795
20.94430049822551,74.99446270784307,1,173.79709402826418
22.835455172590372,76.65845741845733,0,200.2563255137549
21.669617836653238,74.5725132088943,0,192.59026994882043
23.325070042648818,78.14661282191396,0,250.0
21.29810234413628,76.99125426904072,0,162.2081039133809
23.42339125287272,72.90071976656044,0,250.0
23.506403505902558,73.14096778091097,0,250.0
20.932730300234926,77.5935509951061,0,201.0734252156663
22.546773178515004,74.79875390736538,1,216.35301668043888
19.934630175092543,75.3903222593872,0,223.04369807733667
22.458399919081423,73.91945545330182,0,250.0
19.04272190941845,79.77096402954321,0,250.0
20.66964716647692,78.0852474249759,1,250.0
20.838134912095292,72.11044991007404,0,250.0
20.599957565486285,76.70067652142636,1,175.10082244681524
21.304399018536934,74.282057165017,0,204.0393693146233
21.90797119438617,75.1661455457728,0,163.1224592896964
19.816504372756583,79.4620295955433,0,250.0
19.40383582264057,75.53176951711978,0,250.0
23.878671437958644,72.99098135597106,0,250.0
21.402233219955097,74.23528827143565,0,212.7251347890608
19.9011740615437,72.32472628677286,0,250.0
22.270889965993653,75.98727292174082,0,122.48840193968962
23.87075718487734,79.78116311666363,0,250.0
20.09071488478247,78.72748396555531,1,250.0
19.26623098882154,79.42892094915035,0,250.0
23.50586458099675,76.51064976378062,0,242.95842504197353
21.401906845754375,79.57207024065606,0,250.0
19.151447323586222,78.45001815988905,0,250.0
22.627282643964975,76.6519531791851,1,191.2522297154346
20.80952154104951,73.9964480488304,0,250.0
21.887005620652445,79.8937283702166,0,250.0
19.83338247810718,75.23001024160516,0,245.59542085412085
22.051999856880244,74.45097821562953,0,213.46641843393328
19.529706784930646,75.07327896785965,0,249.17959550756837
22.8813917319938,72.16976697824732,0,250.0
23.460750096242766,76.90425795180657,0,214.8177686520825
19.44884525309052,79.22464974569768,0,250.0
21.0265700197828,79.7122231827584,0,250.0
19.06531374710158,77.7105327478126,0,250.0
20.481457691720166,79.32841536798593,0,250.0
19.35180766219976,79.80023723115326,0,250.0
20.73933855957281,72.71266156786264,0,250.0
23.890532614839277,76.71886819881425,0,250.0
21.892048550963647,77.51617145372728,0,202.41033948938812
23.032894366309367,72.76810654453413,0,250.0
23.236575560891026,74.76306570300173,0,250.0
19.308356966316875,78.0670681908192,0,250.0
22.862991084569153,79.3409071889721,0,250.0
19.377433996461487,73.94715483740275,0,250.0
22.489591661060086,74.325029271624,0,205.80856434909126
20.667283753992923,77.67167193033735,0,233.62595160298213
21.681639001581427,77.82984769878301,0,234.8691003385744
19.492513818412444,72.71524505728141,0,250.0
20.766701958975275,72.39616985010547,0,250.0
21.78458349820985,75.98931418171837,1,113.7986580214796
22.042856598793776,76.61085237525089,1,139.06850546408836
19.508673072729604,73.66587666733656,0,250.0
19.542180320285798,78.74839371311982,0,250.0
19.514444431178752,72.47620340421528,0,250.0
20.164879313295806,74.84470363658656,0,224.27431097183148
20.481292572201543,74.53386899156335,0,236.94776826994922
22.624841337725083,79.10466834901621,0,250.0
21.91534956595269,75.0326513115764,1,150.8156434577203
19.845029076670706,76.83523355011135,0,242.14255573810036
21.28308185134194,75.72147889940746,1,105.37674092052211
21.029628496901594,78.6576471243732,0,250.0
23.93740157801588,77.23244121972407,0,250.0
22.34094798151205,73.81680795164777,0,250.0
19.794172622878246,74.00061590011217,0,250.0
20.99013213213059,79.3184560714339,0,250.0
23.164185319212038,73.89415804029494,1,250.0
22.32837820531568,76.78611232910974,1,159.10361635329832
19.29918554135709,75.71503746822921,0,250.0
19.27481560071466,73.13599314499598,0,250.0
21.77263279067384,73.19473522812389,0,250.0
19.351043827034005,73.74911957009112,0,250.0
19.023686241776236,72.01034111524578,0,250.0
22.9904784776729,72.56107457245186,0,250.0
23.616959294570393,76.46222889290513,0,250.0
21.08159528562349,76.14499926115336,0,119.35534416890471
20.268008764533747,74.42914049083649,0,206.82871074316645
23.277678555790565,72.06606554563355,0,250.0
20.463629599308998,74.51541452537013,1,222.58585879107815
23.76518575354028,75.62703110501623,0,250.0
22.97453917167841,79.11911628205326,0,250.0
19.091414140640033,74.01632040832496,0,250.0
19.95279655300585,77.72380868372814,0,250.0
19.078692945715023,75.94220844688766,0,250.0
19.10239497648123,72.56871363577238,0,250.0
20.70625394633693,76.75290235815538,1,167.75740012126505
23.500227222914013,74.1427692567003,0,250.0
19.909261937729102,77.88600765683066,0,250.0
21.43870559459305,77.99544660237896,0,235.74901003424458
21.413693154499633,76.92434418415367,0,155.6932760760575
21.924414933790004,79.18240972133152,0,250.0
21.591519161822816,74.07630609165041,0,226.64178496917683
21.94477515122023,79.92160549515664,0,250.0
22.658215282954956,74.68755253473908,0,216.52463585612242
22.11838255126726,76.27747336044405,1,126.10449282413245
23.697419495593067,77.51175174349373,0,250.0
22.229707143392957,75.97115428334304,1,150.22263159926467
23.42598014142691,75.21456105904917,0,248.2773689161557
20.694771405201315,76.69028700302648,0,161.09483034549578
20.848182919081516,76.63612147856949,0,149.76955170730218
22.22686204986266,74.96206359154603,1,168.0049605149085
19.76533039320871,72.41055879498015,0,250.0
21.00228326021692,78.22227012510972,0,249.03705820595556
20.5598632025355,79.06845227650759,0,250.0
22.11540478393173,76.02243363284083,0,142.9277800689156
23.107743349930338,75.34977245929376,0,224.44224398074633
22.54621082745806,72.03453197148215,0,250.0
19.5756921990908,76.0160724967049,1,236.67322589196849
19.37309019231629,77.50837400877711,0,250.0
22.41568242746588,72.78827901170548,0,250.0
23.64285471801158,75.40960400391523,0,250.0
22.47100811226977,75.04291182490289,0,180.70873800560136
21.38372600003684,73.10211066093889,0,250.0
19.270212185060597,76.76993623618894,0,250.0
20.78743043565155,75.90605971275498,0,156.19475057893084
20.979251319727098,72.64958101909293,0,250.0
20.406500047649697,79.30793352339782,1,250.0
22.520329347833165,74.09591085994165,0,250.0
20.260617950809266,73.56311325232791,0,250.0
20.487024691589397,78.94299120748055,0,250.0
20.514829313780467,74.96989862706717,1,210.86493275552428
23.761396715527823,77.07404001601215,0,250.0
21.63976346742391,78.01443264663767,0,240.53795248430927
21.53532462390994,79.81758703516661,0,250.0
22.45652012623845,78.90921441118863,0,250.0
21.10025253778409,74.29690599997082,0,211.175145971527
19.05722143710433,74.88645152255062,0,250.0
22.316646813541517,74.7651870976193,0,194.99545450592717
20.68846758155537,78.8059165508458,0,250.0
19.124360453127068,73.95077029500237,0,250.0
21.39858666360942,75.53403579640974,0,117.74029381330539
19.067413083213676,76.21282884382768,0,250.0
20.972718734673258,75.66696143819476,1,130.17265111122288
22.71345379176019,76.28274628782115,0,183.5361924450917
20.603388398523073,79.66527851904173,0,250.0
22.53426994744236,75.80831932631746,1,161.99831358181885
22.739086701427517,77.23101381387139,0,196.64854247916165
22.75691502334265,72.4729043832027,0,250.0
20.1668966161458,76.05719111536214,0,172.14112367627132
23.362637670069105,73.4153995278519,0,250.0
19.024925496043046,73.78821526930378,0,250.0
22.699615379454052,77.67866280530689,0,240.74114461907817
22.711079022880078,72.52917345883208,0,250.0
19.651756448649564,78.06090993213117,0,250.0
19.44122521526192,79.61930347046545,0,250.0
23.390368845904135,75.42169020401425,0,226.4676749991961
19.622329834144132,77.13421378053904,0,250.0
19.78839359929614,77.91945563011566,0,250.0
20.906960599788263,73.51286973604195,0,250.0
21.515572918018837,74.57484443044832,1,184.20015940828043
23.54240810653505,77.36185912726106,0,250.0
21.717797266981847,78.42964039971123,0,250.0
22.415624447861163,72.04254764570945,0,250.0
19.328328847266665,79.79817095454618,0,250.0
22.996219189005203,72.57325022040098,0,250.0
23.25718020749911,79.68558142508122,0,250.0
20.005580850338905,73.97995363867108,1,250.0
22.58482209980214,73.49910538286285,0,250.0
22.125675769054272,78.11907761483175,0,250.0
20.387449064240574,76.15855704620644,0,185.74821670735435
19.853582298036883,72.61852603479984,0,250.0
23.50114916317146,75.78099586012132,0,250.0
22.505504524836827,74.90636940653039,0,195.05923153101995
19.36084276833739,72.36636212122914,0,250.0
19.90815204985893,77.7553410078429,0,250.0
20.660310435794937,73.76538323840003,0,250.0
20.90391678106155,75.96705894996754,1,132.152274484301
23.863095382366556,78.28941629922177,0,250.0
21.96006131091547,74.89316814804994,0,170.53147349082013
19.385207325691237,76.3585534625244,0,250.0
21.80896720297811,73.85662628284567,0,250.0
19.635485647509288,72.59743523673858,0,250.0
22.116902617783847,79.29511689688866,0,250.0
20.52583553151501,76.19216760832259,1,157.2651069416146
19.664958010127453,73.95244706226153,0,250.0
23.201412563560947,73.88264345812287,0,250.0
23.640200150957142,73.21927296772566,0,250.0
22.881860903154106,75.67311217934038,0,173.512829448409
23.181511172596117,73.44885688122527,0,250.0
21.903762482423893,76.43813414219122,1,123.68489555208369
21.73649266621112,73.9475893479572,0,242.41330458787283
21.833415191916288,74.29202377197134,1,223.39807261973664
22.60643767719207,74.70758076572875,0,218.40581537808544
19.372958753951103,79.22826991044028,0,250.0
21.313907950032984,75.84281074114399,1,85.90169294069646
20.20724320597208,72.23818692402197,0,250.0
19.958737122227884,76.1314414511255,0,222.48118045268413
23.947574750664888,79.03821686255831,0,250.0
23.468573144211973,79.8775933073376,0,250.0
20.822865528580532,75.09547058637034,0,192.9206860105144
19.986444434788744,79.7291513340765,0,250.0
23.394308782310723,77.28672670223911,0,250.0
21.251227261045955,79.99993389331331,0,250.0
20.46385373853931,74.77447564260346,0,212.72443737899945
20.7048602736826,75.01900645836932,1,197.5357920953785
19.91380327099144,79.32239171535315,0,250.0
21.117364779652952,72.62534903625674,0,250.0
20.26625041488949,74.43541260413295,0,235.13351432158805
23.852149547961382,72.53480250840818,0,250.0
22.191441598205,76.96302997894938,0,176.261022017243
21.9484381116742,72.39688204480075,0,250.0
19.251247230593606,77.40710140203645,0,250.0
20.282792860968883,74.7719183271176,0,214.81744789456337
19.786172176416954,73.21404373471286,0,250.0
22.261680307358493,73.84054149028883,0,250.0
21.36950508691713,79.43314338102161,0,250.0
23.701711071243736,73.84497785053611,0,250.0
20.256141609520007,78.0187637203463,0,250.0
23.536447447827108,76.9930194945429,0,250.0
19.918675794965196,77.87678858529526,0,250.0
20.286635075547093,74.14685529813715,0,250.0
21.84382602098028,77.6525542724717,0,212.47764523922825
19.554928210375333,75.16670867301032,0,250.0
20.908943562685273,73.8103284472683,0,250.0
23.10037756961436,73.51377540764767,0,250.0
21.212409538271316,73.16287057982503,0,250.0
19.061343973788926,74.13994692043516,0,250.0
22.004571070895846,76.20341340477708,1,121.04858133291438
22.765041500626104,74.7049852273365,0,241.09344557441295
22.88121376207284,77.56798920335535,0,250.0
20.194928359914563,75.7115517627159,0,209.41493450534134
22.38842181129622,72.88628861985939,0,250.0
19.717826982916606,76.02174036000429,0,218.37962147397516
20.259148811237846,79.39396407323503,0,250.0
21.02502316548604,79.23172630434392,0,250.0
23.16419244735892,75.171173558525,0,222.16924453541785
21.286192573622294,77.83129007224679,0,232.36129779587586
21.962496410800405,73.32050857191143,0,250.0
21.31592165067458,73.2755015059067,1,250.0
21.080091165203676,76.20740964138521,1,117.43963361138665
20.39590841905641,72.19809223864597,0,250.0
19.483302427280066,78.66928598920987,0,250.0
23.23863600348953,72.63727060542269,0,250.0
22.022471248521878,73.86224365068264,1,250.0
22.26519728015232,75.50065926421317,1,160.34103734031913
21.081837340152315,78.2651331681448,0,250.0
19.47337963104431,74.2440634187187,0,250.0
22.21296931085102,73.60936793774289,0,250.0
21.00390372820563,73.47398494329538,0,250.0
22.09733693935871,75.39633089425215,0,153.15836099673433
21.944382161504066,78.7967151380442,0,250.0
21.357588559369418,72.23206338128126,0,250.0
21.814614476147366,72.79433369235069,0,250.0
19.58295433507342,74.30377354760273,0,250.0
23.37728364204073,74.68920500369516,0,250.0
21.08020572824474,77.25404237787804,0,181.01916003878333
20.44873485309571,75.02700888488688,0,179.2825241715859
19.668869094100344,75.71433475125363,0,215.60383245376804
21.01093765305788,78.89867356141144,0,250.0
21.27872028833746,78.28216726446628,0,250.0
22.430773993792272,72.56657412180265,0,250.0
21.920783732571163,75.53338379144287,1,140.7027174797524
22.354116636399596,74.20655910446041,0,216.10817739718948
19.79248693087586,73.60360365539923,0,250.0
23.770531192752568,74.52942457609777,0,250.0
20.428064491559837,79.9840622802967,0,250.0
21.22665459560331,78.80014354613309,0,250.0
23.736004938416556,72.35163410181943,0,250.0
21.384188063629434,78.425849879792,0,250.0
19.66151461083014,76.83491277534054,0,250.0
20.29160751683274,76.94137222868177,1,214.5714242314511
19.280056163112036,75.29357780957254,0,250.0
20.775325043918794,78.91903123191648,0,250.0
23.78641626210726,73.78036687198598,0,250.0
19.9672093480096,72.32942328769037,0,250.0
20.05917822383059,79.33057369667576,0,250.0
21.151274132961476,75.13793774642741,0,179.35825372990703
22.679396172601347,78.64468126034076,0,250.0
21.13592176951115,73.68174622061044,0,250.0
23.47032302863437,78.50187524357314,0,250.0
21.384043836199382,79.21807915441158,0,250.0
20.447274339362213,79.08436308003847,0,250.0
21.97325671146433,76.25720070361567,1,134.61445532829214
22.74818937896599,75.02082115582935,0,208.11268543747107
20.01380781734973,77.15481090641464,0,223.3216511011021
20.01173156342981,75.03439490689959,0,215.70350642789265
19.471870579548018,76.91955546251916,0,250.0
23.581646995461817,75.72036669879023,0,239.68104489969542
21.75884953518762,72.51669246308988,0,250.0
19.673100172866736,72.59176115623524,0,250.0
20.04654990905469,75.81936548069056,0,200.61504511842026
20.481142776512495,74.31419279787993,0,230.2876184128149
21.52094706133148,79.13025105625665,0,250.0
20.90097172158398,77.10572716656942,0,174.0142987670419
19.89549070131992,78.05302570545727,0,250.0
21.160787351940698,72.94569411691603,0,250.0
22.031794228675636,73.28651449770341,0,250.0
22.643838074713116,79.1778668978837,0,250.0
22.878565814496866,75.70989507142426,0,195.65006648158663
22.380747000218236,75.30175673662265,1,182.99864835913314
20.35274818710073,77.31315739053011,0,215.87894281523702
20.15648355578026,72.96262366746818,0,250.0
21.547840378122473,76.46810539590429,0,123.6813608281302
23.206918094553057,73.14890422666537,0,250.0
20.784607705354162,77.0210123319622,0,189.09371301170827
22.20890525059449,78.24923025180932,0,250.0
20.706403215446933,74.32804542646149,0,221.2667860198921
19.68898697707151,77.88815799516547,0,250.0
20.173689144410982,73.62070367548247,0,250.0
21.28794800951,77.4693058600079,0,196.10259559498837
21.748533816779208,77.01494337658106,0,181.55904776445942
20.869470331859794,72.30191444016735,0,250.0
21.42194431261497,72.71230008516842,0,250.0
21.228604965167168,74.68191450718292,1,173.85113575592587
21.61041703497937,72.21530638444763,0,250.0
21.626693378401384,74.10738493778328,0,240.31923367191575
23.563838803762412,73.31448613159515,0,250.0
21.355636095788302,73.5476391374407,0,250.0
20.73051013802229,73.87434183627062,0,248.23632593217928
23.187761277436255,78.61409669817682,0,250.0
23.695103564270013,79.18344539269091,0,250.0
20.381435764259802,78.19101030054188,0,250.0
21.172434027282208,78.33376986703041,0,250.0
19.67975890803755,73.56565692334217,0,250.0
21.736776288981115,75.56590872096814,0,121.61395049738262
23.923139127929296,76.31008204769232,0,250.0
23.498397563166773,78.69706116932552,0,250.0
20.57333523752682,72.82098750111865,1,250.0
21.080811980616307,73.6100293482964,0,250.0
20.358054388721207,76.12639719574747,1,177.2610671524232
19.35473879435975,73.33446618231633,0,250.0
23.089416503362795,78.79899758707369,0,250.0
19.4044590350387,72.77780084408597,0,250.0
22.50718411446163,78.57782267232786,0,250.0
21.3041932585065,72.85226412979486,0,250.0
22.99277546793345,74.67486120884935,0,250.0
22.061967762999547,75.45687590033091,0,142.64860792228453
22.142474617121042,78.21620180996412,0,250.0
19.62415652414904,72.19631947634294,0,250.0
20.024701349698745,78.9012965590024,0,250.0
20.46905650948461,78.62504783142141,0,250.0
22.620177840684594,76.6015351556028,1,172.0715959405161
21.771990017774257,79.11234631703815,0,250.0
21.8363374681074,75.44723384986717,1,134.08831225974498
20.211490608558123,77.34734606047977,0,233.4164705150872
22.737318203534194,76.33187523450309,0,188.45070507581497
21.686817487875423,76.3681155975648,1,120.00606945798802
19.134400007197375,75.49571962106674,0,250.0
19.705145589374172,78.7464417360317,0,250.0
22.70831211311004,79.78924345341343,0,250.0
22.961297823282678,72.06552592421033,0,250.0
22.99491186118369,79.41170726747023,0,250.0
21.727506293074363,73.76703866978525,0,250.0
21.73316032086519,72.68502201047016,0,250.0
23.416374857523053,77.35950405601137,0,250.0
20.313989628356772,73.8646326280394,0,250.0
23.850577590249976,79.08317176021346,0,250.0
22.6353618988756,76.5932829721525,1,192.51468862032053
21.94456227942492,79.67511563465719,0,250.0
20.548031621989693,79.00980459921075,1,250.0
23.651783047356226,73.12593051890659,0,250.0
19.411797587185152,79.14149031408951,0,250.0
22.456466690075032,79.60138147789162,0,250.0
19.649759025504295,72.35370680644256,0,250.0
20.128284822797266,75.42762631424341,1,216.71386409583306
22.15961237518034,79.82896667160585,0,250.0
23.854669073522697,76.44753191776579,0,250.0
20.110470766915764,74.58939281545675,0,247.76108699022038
20.096206790615163,79.94181658546023,0,250.0
20.417827907492487,74.68875276540601,1,216.79012212593696
22.626882041225233,77.92989476107152,0,240.95697003825472
21.518579257333506,78.06201575572803,0,246.80170523608942
20.521144486272433,73.42686343814648,0,250.0
22.11199532203036,77.21987692709293,0,192.4270412075573
21.25117053357109,74.5606117847858,0,212.15809502933323
23.315284449622123,74.73098690204354,0,249.44558455149934
19.268887562412896,75.28061509614759,0,250.0
23.587724935651774,77.86524631750696,0,250.0
20.03695931657083,74.47304929895225,1,250.0
23.66844513846533,77.29065722987006,0,250.0
23.665624356827415,79.52924499504402,0,250.0
23.481690965079373,74.55037139443347,0,250.0
20.19454416707627,76.0974763362399,0,184.21687020335662
21.580708556999937,72.60825620236461,0,250.0
23.76673202773462,79.88892056043217,0,250.0
23.805693590347875,78.33234794154816,0,250.0
19.77477144753276,74.33440185282748,0,250.0
20.718867152008016,73.92258837956138,0,250.0
22.163332570487572,77.21974147447453,0,207.9664154157616
23.833273697183856,74.21308714426829,0,250.0
23.4878388361099,78.74394007180271,0,250.0
23.11223108862046,78.86509438391718,0,250.0
23.17196096720054,79.10587847148233,0,250.0
23.400978845582895,77.77666782501828,0,250.0
22.46716650036264,72.65866199430722,0,250.0
21.417775219172942,75.01962558290941,1,174.76485321239997
20.867161684355956,74.39133494843043,0,217.49713619639542
23.333477190827857,76.8116802242298,0,222.50448742087758
19.331765395088315,79.05934948182322,0,250.0
20.228972730317373,74.78608919120585,0,230.8875234457541
23.541592508986547,72.36481871732096,0,250.0
20.811277488089093,77.52146834670617,0,210.9160061569738
23.596618593331055,76.83089707979045,0,236.44876444966718
19.089309682568096,72.32528592165916,0,250.0
21.900558412020924,79.54140553997254,0,250.0
21.715373738020094,77.12960428169175,0,158.49888466408078
22.00963818743534,79.68467786273125,0,250.0
19.193530685827078,79.41110109613149,0,250.0
19.805601411122264,74.4278325977743,0,250.0
22.3074041580291,77.53156766467876,0,211.9555558025313
22.0665255430876,74.2429213994478,1,217.37156559309844
20.875747366100942,76.77778985926867,0,155.7706962250859
22.41063601200973,72.34179402014597,0,250.0
23.20502907374824,78.18307035764785,0,250.0
20.825620132976496,77.89194320983852,0,237.925757946654
21.62874050429652,78.89308709422643,0,250.0
23.444910449563576,75.57491981503192,0,234.92399922506945
21.097622557352366,72.93013917450334,0,250.0
21.447523143684332,74.35471121956226,0,202.40227135429984
20.2338245919687,76.87213070452019,0,199.6268812845738
23.99994366960867,72.44102138957494,0,250.0
20.767751134883508,72.50243973842078,0,250.0
22.054864011786943,72.53117987061759,0,250.0
21.260511799574033,72.56917510120796,0,250.0
19.270753157526322,77.27314591811316,0,250.0
22.106944506808425,77.31455647334867,0,193.69411246784657
21.99573021064698,79.53072311447464,0,250.0
20.953458515897577,77.45213383091729,0,202.083507751218
19.02992490527666,72.2215302160123,0,250.0
22.31337628263485,77.87389532538205,0,250.0
21.337246603869712,76.624992613823,0,131.3968730386491
20.49168625352521,78.64716642909656,0,250.0
22.455240393960437,74.1941343940819,0,236.60060692849234
20.392563595581017,74.27051373843943,0,232.63737579070016
21.758119208716472,76.12535720920383,1,97.0704910385834
22.682247670964863,77.0730902542506,0,207.20789045468365
23.36284846178428,72.12988018206858,0,250.0
21.0521466669768,78.34319768713776,0,250.0
19.379765197450567,78.64309488540464,0,250.0
19.746434164819554,73.06696579767332,0,250.0
22.53084351926341,74.26497546396246,0,250.0
21.653866509096453,78.05857083894111,0,242.6910026774119
21.784411580964314,79.22434586297423,0,250.0
23.562261087266958,75.03115251998356,0,250.0
21.970496872182505,76.78979507112523,0,150.49553701126302
23.58033031338689,78.23466210766293,1,250.0
21.99583253445841,74.91944980416069,1,172.5954352207665
20.146241570706835,77.79093762439489,0,250.0
19.5357804360121,72.14064151108785,0,250.0
19.36151434109597,74.46393654652901,0,250.0
23.45619174129469,77.87790797876954,0,250.0
22.525837339078734,74.68111532354338,0,222.67328302688674
21.6394555210414,76.03247085960135,1,98.00109037250867
22.81120040218931,76.92104600828357,1,239.71614308993114
20.692933564566953,73.90887510870238,0,250.0
19.688308663232423,72.66063083959416,0,250.0
21.506941047883444,75.01798259154337,1,161.35329802321834
23.186117203125114,72.43456637029489,0,250.0
23.7916627464488,74.98680595907155,0,250.0
23.575898495759066,78.81308961364702,0,250.0
23.08783824938438,79.54494043356353,0,250.0
19.45923754427357,78.56312651110218,0,250.0
19.139582361128618,79.16112574189299,0,250.0
19.462235840409374,73.09315870064333,0,250.0
21.80340820615143,72.86509601292575,0,250.0
23.398499159990408,76.20261079741478,0,217.74256010462327
19.402080609240553,72.22235965480208,0,250.0
20.066888042078432,72.00767586764708,0,250.0
21.291122626981537,74.81359455746745,1,184.54003785615157
21.930148499089977,79.0264359980886,0,250.0
19.96270732040157,73.34772134967689,0,250.0
21.481345871173723,73.88641260116405,0,245.14439734757548
21.576948520815556,73.63351236208047,0,250.0
21.414470687218365,77.81058234631945,0,229.96348211134512
20.24040145641637,76.49707802222912,0,171.12905408380982
19.75164111778892,75.20449259010765,0,237.44759428100983
23.055053828091374,79.31427644994528,0,250.0
21.118758919185215,73.70742361200047,0,250.0
19.499942496602625,78.05705094681282,1,250.0
19.10574473917459,72.52610778504202,0,250.0
23.749697234760966,74.92649262629163,0,250.0
22.14828841337815,74.26211945881582,0,227.82133112336993
20.7675265677935,77.61971695769336,0,216.75931471417823
21.203305376701593,76.87940026340179,0,151.33831592989927
23.87636784715228,72.84463018542117,0,250.0
22.8672170884865,75.34804136736335,1,198.26193563420435
21.12376246415911,74.40663354292681,0,202.76933458586768
22.381338238370937,74.80611571373045,0,185.5511059050394
19.19516362686807,77.29285173124673,0,250.0
21.56355794090017,75.52009693540046,1,112.12499108646949
23.6763707867609,73.07952572641979,0,250.0
21.640787229139708,78.84213553673922,0,250.0
22.875741237525997,76.50366031350673,0,212.8875315041734
20.71527726401886,73.83269969899042,0,250.0
22.31615655269998,72.16308259739701,0,250.0
21.48646292151882,72.49405670633426,0,250.0
23.12224956093065,78.83618353221333,0,250.0
21.685952395412503,78.66328779874272,0,250.0
23.863941867827783,74.63677117405852,0,250.0
22.027857809898936,75.16099990063674,0,160.81629118830045
20.883515121126134,76.44182811480225,0,138.42040692141777
20.043361310902643,74.9420790500607,0,231.2846579463187
19.836815814627773,73.21424220898038,0,250.0
21.458422529400057,73.84204322235877,0,249.10281921852157
19.66654996569614,78.40336003902516,0,250.0
19.920732888846246,77.11644492740444,0,238.81966647010793
21.679952820125752,76.82865838984392,0,155.22039823022172
22.723752338731455,77.9043728123816,0,250.0
22.66065331327908,75.38910475543466,0,199.56330739906988
22.76451451705619,73.63122665792687,0,250.0
20.548847054944183,75.41480337160891,1,181.0746692837812
23.495775333112714,72.23947042654852,0,250.0
22.000903589595133,74.34998828411558,0,198.20736795865002
20.421439160300988,77.44230518313532,0,233.222111844541
23.632973195143947,78.69521183245631,0,250.0
23.391650857813346,77.56515331325117,0,250.0
20.19281416920993,77.66641540935959,0,250.0
21.294383786691416,78.37732829435821,0,250.0
23.67914824564498,75.36188913467373,0,250.0
19.420027599645323,72.63981770182333,0,250.0
20.573310078286696,72.43687991942565,0,250.0
20.10402702206976,74.59916326231043,0,250.0
21.820764832868196,78.05709392887526,0,249.04547159484272
20.274517492969565,75.7765523839353,0,191.68571848817228
22.247378687412763,73.09308781013861,0,250.0
19.24936425179554,73.04508638576276,0,250.0
19.581165590539584,76.35693989096822,0,228.8775294341047
22.716934675016294,77.94799324300672,0,250.0
21.82572024800244,74.80659055522665,0,189.97778152477628
19.03778528509934,75.30103644208188,0,250.0
23.319184017157987,76.430125297245,0,242.26893164073283
23.411944936409313,74.60440057759988,0,250.0
23.47079037846862,76.53747949921988,0,250.0
23.342927811766117,78.62799250399446,0,250.0
19.75935103120364,75.60551189486831,0,220.09500274396893
19.4338289890872,78.99154638846753,0,250.0
20.878136122459882,77.97146447461189,0,246.91104268182113
19.649657739990115,75.77595799599973,0,236.9896826332747
22.65368648223521,73.44585976605829,0,250.0
21.759126444832937,72.45472280669581,0,250.0
20.923790458764053,78.07224614860132,0,250.0
23.750163676231743,75.71079329559866,0,250.0
20.96606511767059,73.41191700808228,0,250.0
19.517210603254973,77.55253495156472,0,250.0
21.64525338310302,78.34509577142698,0,250.0
20.722044398972013,73.43979093046646,0,250.0
22.08920310015999,74.93842835424631,0,157.47402834640687
23.369066728800007,75.1842257575959,0,245.95508775927271
23.388967838155363,72.03344247214719,0,250.0
23.03904336841368,79.04438607086604,0,250.0
22.66923688996138,76.50651897495294,0,196.48833902934012
22.677490682630058,73.59874406057284,0,250.0
21.977081505594853,75.3750811750493,0,126.00085821352432
20.862529706727468,73.20958352751477,0,250.0
23.891990334088472,76.59950145351569,0,250.0
23.77569096431663,79.67476367573157,0,250.0
22.12931869813791,72.58376114497602,0,250.0
23.285573180020304,78.88300110518303,0,250.0
21.60868144520756,76.8355816250913,1,154.25603624977919
20.371569446415037,76.42174381820509,1,165.16732564519512
23.245713434221567,73.96446443173372,0,250.0
19.961067607241958,78.23024608955097,1,250.0
19.470418884228952,78.73213019189787,0,250.0
23.524135494875416,76.44134646221333,0,238.54446410603728
20.772825267330077,73.45467473094082,1,250.0
23.63183346422446,73.21141456369799,0,250.0
20.629335948618984,76.6104559941806,0,180.4710153108676
20.648356393505164,77.57258240739273,1,205.21345784215686
23.404927461560238,73.63187026609695,1,250.0
23.141663512121376,78.3528075841038,0,250.0
22.727181248795496,79.34719338440081,0,250.0
23.190107531544225,75.24656613945048,1,236.36247158082787
23.637916286436337,74.88000770366008,0,250.0
23.393475713486595,78.04591741638882,0,250.0
19.935599476061437,78.68968763349638,0,250.0
22.3774901889467,77.98854460443907,0,240.69222590341283
19.225349349353866,78.96105456928231,0,250.0
20.938934346071132,77.65740382461405,0,241.87631272304728
21.848872413667507,73.45325611853302,1,250.0
22.94558440111748,73.38439995075906,0,250.0
23.616511606638113,74.23962609698648,0,250.0
19.36584727871234,74.98991626261841,0,250.0
19.768587038294374,77.11921796109768,0,250.0
22.473558075270162,72.57236330086158,0,250.0
23.406025283368088,77.18503435810695,1,250.0
23.297584269578486,73.71379753852031,0,250.0
23.677602386445926,72.73546119112667,0,250.0
22.76837282266352,79.7508906190494,0,250.0
21.10127396928147,77.1091032763732,0,195.43559385147535
19.31898638663385,72.47618067021065,0,250.0
22.83600699348434,74.21419993439716,0,250.0
22.68664193091468,74.9270916143285,0,207.8959438074389
20.256974391473506,79.1345869159955,0,250.0
19.318470030358842,76.06931205546655,0,250.0
21.079030680300946,74.99776511628832,0,176.71757359222
22.093325036803503,73.5044131225869,0,250.0
19.78352365716798,72.57219207904531,0,250.0
23.06571824844084,76.102874619694,1,205.81138467002842
22.558863042211936,75.53266233579603,0,157.29439245833058
19.474456406450543,74.08647125123797,0,250.0
19.138218087467724,77.90753042613613,1,250.0
19.37396184955922,77.60619705683195,0,250.0
20.596002562794236,75.65760775443088,0,145.33746605609164
21.181983170767904,72.2942991889453,0,250.0
22.65817561396357,75.63056090824858,0,169.79878093487605
20.371794325573386,72.3397754543557,0,250.0
19.59616740438269,72.15286387974402,0,250.0
22.684726145425977,72.37400993069211,0,250.0
23.346663633326855,75.49167568181845,1,223.90867881906996
19.61553467384298,74.20962010092951,0,250.0
22.943902548086978,79.79392899403484,0,250.0
21.38824453679634,72.96247080914887,0,250.0
19.302544956370813,77.3579706464091,0,250.0
21.92315479813474,77.42374265708683,0,204.24293983576584
21.76146694208618,73.56061572164057,0,250.0
19.703885062269165,72.85730646284549,0,250.0
22.140150916701188,72.55226364678771,0,250.0
21.30956917405731,79.57312159802106,0,250.0
20.013086357403783,79.77397269625843,0,250.0
23.51184067068563,79.45587123010824,0,250.0
23.93726330371229,74.58041179572416,0,250.0
20.919587339629597,74.29033615118301,0,215.28903426094988
20.724370918491765,72.6775592209138,0,250.0
22.97144873104034,78.41312216225862,1,250.0
19.27977807667809,72.29268242896791,0,250.0
22.579003584843292,75.40629848932757,0,163.9639177500243
19.395088543075918,76.1531643506346,0,246.60393825788142
23.43959778845892,75.37733195141617,0,237.4873073914538
22.16329287021445,72.9600631222689,0,250.0
21.598460291277664,75.23135878688686,1,144.60341506088147
20.302913827168993,73.30104529964014,0,250.0
22.157179427520994,79.39864193694638,0,250.0
21.387274310280986,72.00454836572604,0,250.0
19.102352936578633,75.26760216164273,0,250.0
20.050426454267097,73.77303735145735,0,250.0
20.148569139139614,74.84012525404317,1,233.67678090491734
21.58694004701326,74.71276681117908,1,183.56365562928295
19.317680922193855,76.22581086016146,0,250.0
23.267962835769023,79.57219662450635,0,250.0
19.605274412234436,76.06261641818895,0,234.83066732394425
21.42332689744388,73.92985485838383,0,238.479922251745
21.833183930066582,79.36866980508739,0,250.0
22.581391393855263,73.58684316573289,0,250.0
21.790189662719065,78.11111423663648,0,250.0
21.99863841964572,78.00479631367283,0,250.0
23.15251226817108,76.18198048878412,0,215.21491540524076
20.36664599462867,76.14144531669628,0,175.02108936708427
21.50693513593471,75.51667377234779,1,118.08696467972294
22.592129330693677,74.76305340864872,0,213.67399093459227
22.23115138856933,75.69360340671219,0,153.43531082648096
19.573252921973584,73.92796020425541,0,250.0
20.849264866542477,76.49302619873103,0,142.80630466937265
21.768728175284306,74.13687322484215,0,242.97196056255427
20.09392074745993,75.75670968616174,0,191.4016305751815
21.47603328770986,79.04742010101495,0,250.0
19.964193846217604,79.1295654092788,0,250.0
20.78071189008013,72.58321873782478,0,250.0
23.541530837855113,77.9742234488159,0,250.0
20.29643458996098,73.17209117049724,0,250.0
19.499594473746924,75.99554583244927,0,248.5587480166116
22.30642165225049,73.76142116043604,0,250.0
21.873725619817634,73.16962778584282,0,250.0
23.604973903987375,75.57991672509122,0,242.882817083733
23.710878237059593,73.23566462749908,0,250.0
20.150195040544542,78.36197657066431,0,250.0
21.988667151907435,74.83890992368563,0,192.4776113443246
23.530026159532476,72.46196410690528,0,250.0
22.204168567310298,79.36097989480474,0,250.0
20.835616895719824,75.51173564369994,0,147.44468946671114
20.541322300445792,77.37191098609209,0,213.03206063894882
19.99459932290331,77.23633648835568,0,209.4622106280312
22.802867134904,74.58408149951087,0,217.9608235937293
23.349133398369197,78.11197581905718,0,250.0
20.593645211869642,74.3791403265381,0,213.47859993885368
19.388812061408963,76.63655049017233,0,250.0
20.06861064748782,72.12223962729152,0,250.0
19.913071145168306,78.66672481092735,0,250.0
21.36004076480377,79.97028942575614,0,250.0
21.353938693157296,79.5565775428741,0,250.0
19.960652457216373,75.25175920508006,0,216.2497814009772
23.01285450834175,77.21831362639445,0,231.05432009663593
19.23639759932525,76.9799411739478,0,250.0
20.403057816444868,72.71145308308216,0,250.0
19.93508034855793,74.38233135904352,0,250.0
19.59198303854074,73.54217108188155,1,250.0
22.26860842235289,72.61527222941433,0,250.0
21.694084704668043,74.4110149827999,0,203.71353980073488
23.160289181337692,74.03848771993431,0,250.0
20.15774387248707,75.86589931942632,1,190.07653342919664
20.399489500138383,72.279432712623,0,250.0
21.267149469032773,76.61033222229081,1,139.0110750011123
20.450264544104815,74.44083558571884,0,232.30003490818805
20.045629354774906,79.79820189227617,0,250.0
22.76828343456231,78.43611933198885,0,250.0
22.43201778965652,77.10065707441252,0,204.5315819624726
20.981644270857622,76.61508997829367,1,130.47569101279305
23.897730565407457,74.89019496199735,0,250.0
19.114364289381594,72.21424855454082,0,250.0
23.27244519479543,78.54952649303873,0,250.0
22.231592306133518,77.20254076456516,0,187.14806881519084
19.650813858457347,79.83907972186157,0,250.0
21.90422711964534,72.92850920090332,0,250.0
19.593927234427614,77.50224044527256,0,250.0
22.097526644245708,72.68752282725168,0,250.0
20.53729517236623,74.46613665207089,1,226.90821576210715
23.92665641124634,79.25432861753227,0,250.0
23.300712547646285,73.08814955593608,0,250.0
22.905522178488123,79.53869784844017,0,250.0
20.834945650412315,77.30863010071363,1,200.49878549871164
22.887761028413536,77.02197929298703,0,205.28016884355904
22.093155978411765,77.08487653577359,0,158.20379206898798
20.853253907058722,76.57398479514796,0,159.2855891388652
22.98709311459347,76.58779663205736,0,216.53600423529022
20.932245165314665,77.9058221991432,0,247.17818626564582
22.66426272262578,79.26955233476079,0,250.0
21.10235769469334,74.55373767613406,0,200.45484555016563
23.04468710296551,74.10795025386031,0,250.0
20.60139636866584,79.44384753239245,0,250.0
22.121093215663475,79.20424707086268,0,250.0
19.698331419291172,77.0023345720773,0,250.0
20.699375582508758,78.90153073754973,0,250.0
23.742003995365923,72.67704464649881,0,250.0
20.54962148748115,74.52604148277746,0,221.5670447337597
20.87230181274878,76.13361080713543,0,139.44821256046794
23.563253185596214,74.62040590985538,0,250.0
21.284501535216027,75.57776607725226,0,107.91786923534707
23.925618464516713,76.58215704783512,0,250.0
21.76742285727272,74.41092915695627,0,222.14818378310582
21.44463397454558,77.63732130678555,0,207.41308051355634
19.279109680570762,78.27264977824366,0,250.0
20.605511903756888,75.01479994051512,0,187.318728604996
21.854222575184366,79.32872274410933,0,250.0
21.235364070200816,75.37985899557819,0,143.32570809830207
21.661448375095915,79.67484271877952,0,250.0
20.72585208814836,79.51749427941022,0,250.0
19.238941206616623,79.25773505202471,0,250.0
23.685564372454014,76.18067903916389,0,250.0
20.3744371185294,77.88865084791178,0,250.0
22.727212131546793,73.38823493684103,0,250.0
21.059626895995248,78.53242372077005,0,250.0
23.905002789731988,77.47317399030894,0,250.0
19.2946393272821,73.05196519892895,0,250.0
21.16454250963867,79.55786446244932,0,250.0
22.108840216411792,79.03949745008062,0,250.0
23.86803132706075,75.9192871882228,0,250.0
19.5812872706489,78.86061916256871,0,250.0
19.277406628002293,79.73715439244542,0,250.0
22.45013045905082,77.51858842630116,1,224.9965639669451
20.644114351446902,78.04070875968534,0,250.0
21.032791055743534,78.12596111428871,0,250.0
22.1635920636251,77.66449427993774,0,216.55510308034212
19.64078613159767,73.77268787908656,0,250.0
23.207928789807372,76.09653874619337,0,222.1785311371599
21.264707784983347,76.38336743492766,1,121.01016644384043
22.17142222137106,76.51047461027885,0,147.7636121541403
20.09993110891694,72.26731104293016,0,250.0
20.84229215762449,72.48372834743671,0,250.0
20.91928999988074,75.83253493094134,0,125.09001628729503
22.689840563383274,76.98887088457158,0,203.6207526551452
22.04651357807949,73.64673595029208,0,250.0
20.133507866404603,76.4507898027643,0,213.64236627999338
22.535162064713077,77.99117559410436,1,250.0
20.346551929850154,78.26343727849114,0,250.0
19.225023613823318,77.32188228982425,0,250.0
22.157263954163135,73.1997317773436,0,250.0
19.73637079975706,72.97211589654093,0,250.0
22.235939928912444,77.48537152000868,0,197.24230030920833
23.346448274645613,76.71794605279847,0,241.17446650104068
22.44743834062475,76.21519185256292,1,158.55874223333225
21.57031205194764,78.86920604951672,0,250.0
20.750068755903406,73.62566090859804,0,250.0
23.021813827385913,76.17916691986085,0,206.5625096263858
22.71148387659743,75.44935892693553,0,171.36041773116395
23.930070760845766,72.09879595534343,0,250.0
23.20559048079876,78.62742619108079,0,250.0
23.572081712405065,76.88323159270774,1,250.0
22.668742357694033,73.46018930170203,0,250.0
19.337931353825713,72.92801761341292,0,250.0
19.987216976002188,79.30911663610978,0,250.0
21.373202579494784,73.50545601391295,0,250.0
20.00810893638146,75.36568743240997,0,201.9105250084769
19.527979282724438,75.3212739338245,0,249.13174268982644
19.182039134392703,74.01367745680565,0,250.0
20.51345405644471,72.01858474055442,0,250.0
21.403191594273295,76.31035497773986,1,118.34711152022084
20.4963146894982,77.37751954144204,0,229.84966477577402
21.039294116857988,74.6818535485937,0,178.65935032998294
22.64618222119674,73.44466019750259,0,250.0
23.55855903937946,72.33490735208372,0,250.0
19.49884954168221,74.11310265219296,0,250.0
19.646892871839608,76.51149165443607,0,249.6079082242558
22.034653674581996,72.26704683236608,0,250.0
20.934896658767588,77.1297578822494,0,168.02997066395383
20.477532958073574,73.18799238597873,0,250.0
22.134207685016037,77.41381296406952,0,207.04064521210466
20.865973479172265,79.08841428417895,0,250.0
19.997204668400794,74.80509471060195,0,242.38490396934128
19.93610872451165,76.76215371502934,0,213.88327838400832
23.43210631713778,73.63650813446203,0,250.0
20.620229040609733,77.93224482924828,0,249.0286312394426
23.16304106014576,77.37657128183042,0,250.0
20.85339818512076,73.10427847903495,0,250.0
23.738693616515178,79.52163182060158,0,250.0
22.272742710962035,72.74631701733871,0,250.0
22.81078005878644,73.71609760240396,0,250.0
23.79626450948242,76.77558628733885,0,250.0
22.868603471605592,73.80194245563467,0,250.0
21.82418298794466,73.15540281079122,0,250.0
22.810310125264028,78.93190734073696,0,250.0
22.647324252924683,76.18053693183968,1,168.0203684851808
19.760895905573502,79.80821826610688,1,250.0
20.032460573404148,73.56628237091107,0,250.0
21.558238243992022,74.54619627522123,1,204.31289051089362
20.6268970392748,74.6986112737992,0,198.284720998424
19.540522391459486,73.81776570890595,0,250.0
23.499484311394255,75.48877824415968,0,226.18196508661055
22.08404350083007,77.95074606766426,1,239.34620331996334
21.853768138532235,76.33093554670032,1,101.4442071988529
21.275950570280806,74.68972020477841,0,198.22153912504467
22.560703887671806,73.53317672718086,0,250.0
20.28903748327416,76.33200843310729,0,184.27496393493539
20.48216405504217,73.86260390809683,0,250.0
21.525859379428876,73.95375483724172,1,250.0
22.31789618339618,74.5699313010491,0,230.06119612617675
19.30035313773018,78.72993226627439,0,250.0
20.865050475373415,72.09195810149697,0,250.0
23.322356270182603,72.59065398723881,0,250.0
19.951520924263193,76.74225126832502,0,221.6307730264464
19.976285822565675,78.45745815338611,0,250.0
19.361423006480358,73.42790420204899,0,250.0
20.906874411361176,79.08528172565343,0,250.0
21.138449431516825,75.72278720469383,0,125.57296609012023
21.835571717387115,73.55180917457062,0,250.0
19.10957351590368,73.19550536838354,0,250.0
19.804165787190286,75.76233428522548,1,217.9645077789274
19.753276492931363,77.94110404913172,0,250.0
19.459621670249643,74.27239353884531,0,250.0
19.438148584182944,74.20715697384448,0,250.0
19.069526681038585,76.71502051401622,0,250.0
22.12127447925374,72.9430870254545,0,250.0
22.292836294029065,75.94636281239686,1,138.79168799252787
21.978256595942057,78.64283388777372,0,250.0
21.74933630404204,76.24643238601261,1,131.5237467207111
21.499234693930937,78.94119733181623,0,250.0
20.73861349371009,72.73984124517881,0,250.0
21.379134715027465,77.02024032041402,0,168.85302168322727
22.64295209006432,73.1478093896531,0,250.0
19.461177991748613,79.64558753476749,0,250.0
23.988388567942447,78.26016975667739,0,250.0
23.06637827685974,75.87712021821991,1,184.90560200961073
21.499701952242795,79.25733793826915,0,250.0
22.469352630019177,73.16018505604742,0,250.0
19.49855380862858,75.8614022590256,0,246.23532969201372
19.31521049094963,73.91129028204317,0,250.0
20.46512241774221,74.62134101598087,1,228.09892684950916
20.432933284626632,75.84323737252136,0,151.13643399975834
23.068350120750548,74.42264515895359,0,250.0
19.163044513765218,78.54349172262718,0,250.0
20.178519533484046,75.18866090817346,0,219.334087118595
23.614632930787636,79.08420152060197,0,250.0
19.784458595320686,78.24557440822839,0,250.0
22.139116472818486,76.34138559969462,0,149.42078755039336
22.104338456326403,72.56158826017878,0,250.0
22.301111794017267,78.30349083685024,0,250.0
21.332558900570795,76.16775450619369,1,99.32315422679353
23.873725213264663,74.46306007049667,0,250.0
19.0351303907416,73.35604914196712,0,250.0
20.206549372778515,75.58689689638636,0,194.73158995977332
20.198858352105088,78.47444065454415,0,250.0
19.06094106352479,74.76552791501071,0,250.0
22.255849695155547,78.40731981171118,0,250.0
19.30969748895707,77.22215663868151,0,250.0
20.748878921155498,79.4517687949026,0,250.0
22.035674296194998,73.95674285068027,0,250.0
22.29017000138009,77.8507902575318,0,239.08655315423846
19.920243144365173,72.69091390916871,0,250.0
23.240046825369813,77.25944595292208,0,250.0
22.64267204825474,77.12128069773901,1,226.3369621837714
22.360969978789477,74.45256699578478,0,229.64622122248824
20.966960839674996,75.86069930943546,1,108.28408055140622
20.26756331738965,72.00663275322569,0,250.0
23.354271021735848,72.83120721633495,0,250.0
19.701683822111274,75.85378553078884,1,247.0363922616993
19.485254385147314,79.17581939702538,0,250.0
20.4729496863591,77.71573054865797,0,250.0
23.098786241772885,75.20501772274545,0,228.58879160576785
19.188314235026382,75.59336950818853,0,250.0
19.255355895706487,76.49462846010672,0,250.0
19.749545010453847,72.26584922904847,0,250.0
22.438347136498805,76.32021267231978,0,157.56863341937193
20.290008291364607,72.6343666690673,0,250.0
21.251930285474323,77.67344885897961,0,226.81374319920846
21.05309748013051,73.84627380289686,0,250.0
20.193436600380046,74.51795185876922,0,243.43970125252355
19.88361684061507,76.79605197396968,0,216.38954467623284
23.65280706045056,75.3388090925635,0,250.0
23.817198686590352,78.37754339688738,0,250.0
21.29949686262039,72.17170006720173,0,250.0
23.369435067294603,72.24246666997651,0,250.0
23.931293110226385,79.4083155645018,0,250.0
22.66095976139284,78.49339137043094,0,250.0
20.376691904608112,79.38188330810765,0,250.0
23.645085854930187,77.14224560267603,0,250.0
19.474612937671456,77.44749799493971,0,250.0
20.83478532707615,78.77179279882259,0,250.0
21.456597111350124,75.735165533616,1,116.25258372742391
22.371896518453056,77.0080533823191,1,184.64654451496048
22.000587523610065,77.86161889150301,0,234.69677807076738
21.451944961239636,74.15154195457526,0,221.87325576596328
23.21920426178493,79.01314170224768,0,250.0
22.026530075489365,76.72100657322771,1,142.5946994587996
22.879222738219035,76.24159311072592,1,206.29810927884859
23.51918363425993,74.87691051879533,0,250.0
21.155610985981397,78.82354102651394,0,250.0
22.137232234116855,75.54979031586323,0,143.58740750957054
22.132250523743703,75.6039914691395,0,141.0865680604565
23.452572598363155,75.06979681080037,0,250.0
20.021626666460254,75.77285536896214,1,205.80052561851593
22.877614800079883,76.11059469125556,0,172.27507860480955
20.415654497030083,74.72740525287713,1,205.01143684674645
23.224458223395708,75.46109520569613,0,223.08003553656508
19.713833079568897,76.39053619650579,0,237.6587542009169
23.035450102252664,77.67077328842292,0,250.0
21.48303237365025,76.29487028233395,1,104.03162535823866
20.626790809734963,77.48987826348085,0,226.61857695644662
23.975518039615306,73.97414132082598,1,250.0
20.746745853223896,72.9526623686836,0,250.0
20.010406355261416,73.11560597633542,0,250.0
22.646981612228707,76.10980492723495,0,168.27850248133248
19.889655275669334,72.66697789917498,0,250.0
23.061033196969554,79.54921640709561,0,250.0
23.103294803485827,76.89267506448604,1,215.63062263003414
23.243667719243383,77.71894234167266,1,250.0
20.924266848154907,73.26529972331461,0,250.0
23.553512539530626,72.91857846555692,0,250.0
19.42209817814615,76.48437511047061,0,249.19970672678096
21.28183031688104,76.84045969760592,1,147.4070360512607
21.46582031149405,74.7253840550907,0,179.43763361030383
23.924804302110662,75.81397972167602,0,250.0
22.10761966891544,78.24896206245234,0,250.0
19.963870317417822,75.69061781715793,1,203.72788930440407
19.647260553660608,72.92916441571734,0,250.0
20.550344989212366,74.74946005741562,0,201.10689767279058
23.351150923217645,72.43615377516089,0,250.0
22.524404301005685,77.69152973743086,0,250.0
23.304042167901272,73.2998176067977,0,250.0
21.223474856270194,79.02022534167682,0,250.0
21.763097382953667,77.4063992721666,0,209.0361508270202
23.21307510052963,75.94001642293335,0,223.27663891852143
19.559439975125382,72.8139999920344,0,250.0
19.40642818022577,72.4569134703986,0,250.0
20.759600318399585,73.77326829776436,0,250.0
22.22918457218581,79.80867586833209,0,250.0
23.4295655471917,79.58050210355276,0,250.0
21.244490881011505,74.09296265405138,0,232.94412896343434
22.54636409459934,76.70090160823958,0,190.127266860419
21.061788693259818,77.4128643478359,0,197.9164826540493
21.95958282321923,75.23322352880419,1,147.29936776832585
23.21446152817596,75.53012089189723,1,203.06747895974914
22.113295615512744,76.62287042444171,0,150.90601314864332
21.2446256407143,76.95022825052853,1,156.26561085077472
22.464474754732006,74.10304599309191,0,250.0
23.491941961235483,73.5990791419822,0,250.0
23.0837986631019,76.02518639915289,0,226.53203992181935
19.991941272156723,72.67896200153348,0,250.0
22.76546983773298,77.00424483053739,0,206.436187534575
19.022693798103354,76.81688265874196,0,250.0
19.202102465020264,77.05129897912863,0,250.0
23.100353698098594,73.94867226977291,0,250.0
22.82879551198689,76.30196860191745,0,182.30842312769337
23.011847254946485,78.77468619580775,0,250.0
19.6234469228161,77.84427698980087,0,250.0
19.643285952751143,73.92880249673523,0,250.0
23.94276055225507,72.63566094164918,0,250.0
19.713822168836376,76.78039237621005,0,240.8798679580671
21.39464538766256,76.19076972920044,0,83.02358990340156
22.8191301288987,79.25624224602898,0,250.0
22.2109164793669,72.44631067719214,0,250.0
19.77418019889708,72.54926682560784,0,250.0
21.463267874199992,74.03228736770279,0,250.0
23.061281934303015,78.70136942378561,0,250.0
19.142167743626906,78.04467549035019,0,250.0
23.402862971356065,73.10560430557946,0,250.0
19.308812794276008,76.43389532654936,0,233.96718303173412
19.96762932381351,75.52349825779915,0,210.22973001174853
20.389211097513822,73.09556202734738,0,250.0
23.12831879672052,74.60386876494861,0,245.66187211503225
22.751051903922352,76.02885418214764,0,183.76150071847422
22.911855208097464,76.11279324770585,0,199.8690653643949
21.19052043406885,77.24555634416207,0,186.7323290159321
23.85048963065955,75.57387544964406,0,250.0
22.56341945825914,78.42731559637816,0,250.0
23.979157435153972,76.78325725598287,0,250.0
23.09905286084131,72.35435925236885,0,250.0
21.943357055741473,72.93504190560661,0,250.0
23.247888863926935,72.04505474845993,0,250.0
19.016050123446522,77.02732848925179,0,250.0
23.24073102988355,78.50002743914993,0,250.0
20.069164949642595,77.71807425963816,0,250.0
22.175081897313877,74.61334510044125,0,207.30042371765006
20.7163173661315,76.1040511893892,1,156.8867885419729
21.64251061869662,74.14828551767131,1,224.03817385723244
19.896930928348237,77.81508644327664,0,250.0
20.79802625966502,72.48851333101442,0,250.0
23.452507398934333,78.64249892518636,0,250.0
22.895818576837115,72.81384570158887,0,250.0
22.41591279846861,78.14208176851287,0,250.0
23.419631671322204,72.73730438041837,0,250.0
19.671892076394656,74.55322555829856,0,250.0
20.034056068055136,74.68692559027379,0,229.20599900397238
23.889561232490067,79.82305084617433,0,250.0
20.882784828701926,76.73482181355936,0,140.63868595695808
21.64399788020709,77.62989130567661,0,220.31125271117756
22.879453204688975,73.46252025034043,0,250.0
20.143657005858422,77.66454643922266,0,242.23592698842282
23.098325571849454,73.93021593729986,0,250.0
21.140417861935248,78.41212917582297,0,250.0
22.36343050534899,74.28624425436918,0,234.6628566317393
20.254113702266924,73.58301622369382,0,250.0
22.919026902667234,76.64603066117064,0,201.36759296100715
22.55358960783444,77.71587366684521,0,248.94994180065703
21.853649695627077,77.15465456237516,0,165.8703574641372
22.954277688230896,77.71019359280939,1,250.0
21.15347113367998,79.61671103716785,0,250.0
19.775926086166333,78.46840494019088,0,250.0
20.12648878461565,78.28696017953871,1,250.0
23.453081321461053,78.6659023576806,0,250.0
22.676438436015182,78.93729329342924,0,250.0
23.993769933229373,75.41778778639204,0,250.0
20.71340948967914,72.60665430182091,0,250.0
20.927674237753802,77.80521974580894,0,214.51632375888636
23.124716545516776,77.6299572513197,0,250.0
20.00698642489317,79.14769793580774,0,250.0
22.131921711385555,76.9222934335132,1,168.60238039760227
20.982510699561168,74.56868475419404,0,195.3314906995644
20.31854509006987,79.85842951030492,0,250.0
19.625611234437294,75.33190465629133,0,244.8484802408117
20.71318281048036,73.0658129174197,0,250.0
23.079387111116315,75.4345672857046,1,233.57541918735154
22.57434005195074,77.09938440722692,0,184.24763964709058
22.924452786487155,75.0773208908694,0,226.74303402336812
23.756624928607007,72.45394910156178,0,250.0
22.12809574951882,78.64681256788491,0,250.0
20.69680055154229,76.95039709138233,0,185.53154054257504
23.602676727520585,77.4830504107878,0,250.0
22.57698539440595,76.04969642073779,0,140.3924946931318
19.879125060611273,73.90111886321523,0,250.0
22.41172918427242,77.45711398009021,0,211.37754443598703
23.061175160303463,77.92211715782388,0,250.0
21.87735396929203,73.78467897616241,0,250.0
19.90226682237617,76.5089978524513,0,220.18997818119217
21.20419598021365,73.53342079734938,0,250.0
20.738555591280083,74.8306177137979,0,207.65233034634537
22.872668909476616,73.19229863294485,0,250.0
22.933661265576035,78.47106445003332,1,250.0
21.573990158574443,74.341077395949,0,218.4822032809008
23.325407357635946,73.55986457367123,0,250.0
21.195628695121595,74.58569217892837,0,206.43050876872923
19.739642999146305,73.76207061425248,0,250.0
19.74983167356212,72.46030370765118,0,250.0
23.80281161832429,73.16495178792043,0,250.0
20.419477577727484,75.38839908715951,0,169.79680247174713
23.04759356153609,78.97731200291503,0,250.0
22.76841977480438,75.20367562586178,0,191.07332473791072
19.563112329930647,72.98301722181006,0,250.0
22.452741373525896,77.28217441601873,0,201.7145111652287
19.420345835322735,76.03612615833823,0,250.0
22.73255923402835,72.65577002584993,0,250.0
21.60399282249381,79.38032119040786,0,250.0
23.08135809355913,72.45594993713259,0,250.0
20.45377519964194,78.7816846271246,0,250.0
19.12199026651487,78.14580527645357,0,250.0
23.21361229067729,75.49024244014285,0,224.17761815797465
20.07926356785284,72.27544661717391,0,250.0
